[16:10:41 +0s] [rapid-bootstrap] home=/root/rapid-bootstrap-test gaiad=/root/gaiad chain=cosmoshub-4
[appdb] GOMEMLIMIT auto-set to 11586MiB (75% of 15448MiB available)
[16:10:41 +0s] pebble-profile=auto (will be set from detected RAM at first openPebbleDB)
[16:10:41 +0s] --fresh: wiping /root/rapid-bootstrap-test
[16:10:41 +0s] >>> PHASE: snapfetch + import (interleaved) starting
[snapfetch] node_id=2b2cb8624485461b75cef4c301ab350718c685a0 seeds=1672

[snapfetch] candidate snapshots (attempt 1):
  1) height=30960000 format=3 chunks=297 peers=4 hash=77a954707f7615f0
  2) height=30959000 format=3 chunks=296 peers=3 hash=22ce99cb42152259
  3) height=30958000 format=3 chunks=297 peers=3 hash=571a686de15eaeb8
  4) height=30957000 format=3 chunks=297 peers=2 hash=b28f5d40981fc094
  5) height=30956000 format=3 chunks=297 peers=4 hash=3915216422e22b4e

[snapfetch] chosen: height=30960000 format=3 chunks=297 good_peers=4 hash=77a954707f7615f0
[16:11:28 +46s] snapfetch chose height=30960000 format=3 chunks=297 — importing while remaining chunks stream
[appdb] pebble profile=low memtable=256MiB×2 cache=256MiB max-conc-compact=2 auto-compact=true concurrency=1
[appdb] 0s open store="08-wasm"
[appdb] 0s open store="acc"
[appdb] 08-wasm: pebble flushes=1 avg=0s max=0s (final)
[appdb] commit 08-wasm in 1ms (hash deferred, fast-storage written)
[chunks] consumed=22/297 buffered=19 state=running delta=22/15s
[snapfetch] 44/297 chunks (419MB) 2.7 c/s peers=5/5 inflight=15
[chunks] consumed=40/297 buffered=48 state=running delta=18/15s
[snapfetch] 95/297 chunks (905MB) 3.0 c/s peers=5/5 inflight=15
[mem] go=heap:4978MiB sys:5699MiB stack:1MiB GCs=27 pebble=memtable:512MiB×2 cache:0MiB L0:204 files
[appdb] 30s: acc items=10.5M total=10.5M rate=348384/s
[appdb] acc: pebble flushes=47 avg=61ms max=151ms
[chunks] consumed=48/297 buffered=79 state=running delta=8/15s
[appdb] 43s open store="authz"
[appdb] acc: pebble flushes=7 avg=97ms max=163ms (final)
[snapfetch] 136/297 chunks (1296MB) 2.8 c/s peers=4/4 inflight=12
[appdb] commit acc in 5.085s (hash deferred, fast-storage written)
[appdb] 49s open store="bank"
[appdb] authz: pebble flushes=2 avg=18ms max=32ms (final)
[appdb] commit authz in 26ms (hash deferred, fast-storage written)
[chunks] consumed=53/297 buffered=113 state=running delta=5/15s
[mem] go=heap:5307MiB sys:9242MiB stack:1MiB GCs=31 pebble=memtable:256MiB×1 cache:0MiB L0:382 files
[snapfetch] 176/297 chunks (1678MB) 2.7 c/s peers=4/4 inflight=12
[chunks] consumed=59/297 buffered=145 state=running delta=6/15s
[snapfetch] 216/297 chunks (2059MB) 2.7 c/s peers=4/4 inflight=12
[appdb] 1m19s: bank items=10.1M total=24.6M rate=335738/s
[appdb] bank: pebble flushes=33 avg=62ms max=167ms
[chunks] consumed=63/297 buffered=179 state=running delta=4/15s
[mem] go=heap:8829MiB sys:10959MiB stack:1MiB GCs=34 pebble=memtable:512MiB×2 cache:0MiB L0:298 files
[snapfetch] 257/297 chunks (2450MB) 2.7 c/s peers=4/4 inflight=12
[chunks] consumed=68/297 buffered=212 state=running delta=5/15s
[appdb] 1m49s: bank items=18.3M total=32.8M rate=275063/s
[snapfetch] 296/297 chunks (2813MB) 2.6 c/s peers=4/4 inflight=1

[snapfetch] DONE  height=30960000 format=3 chunks=297 bytes=2.76 GB
[appdb] bank: pebble flushes=27 avg=69ms max=176ms
[chunks] consumed=73/297 buffered=224 state=closed-draining delta=5/15s
[mem] go=heap:5749MiB sys:11713MiB stack:1MiB GCs=38 pebble=memtable:256MiB×1 cache:0MiB L0:328 files
[chunks] consumed=78/297 buffered=219 state=closed-draining delta=5/15s
[appdb] 2m19s: bank items=27.4M total=42.0M rate=303829/s
[appdb] bank: pebble flushes=30 avg=75ms max=160ms
[chunks] consumed=83/297 buffered=214 state=closed-draining delta=5/15s
[mem] go=heap:8778MiB sys:11735MiB stack:1MiB GCs=40 pebble=memtable:512MiB×2 cache:0MiB L0:311 files
[chunks] consumed=91/297 buffered=206 state=closed-draining delta=8/15s
[appdb] 2m49s: bank items=35.4M total=50.0M rate=266860/s
[appdb] bank: pebble flushes=27 avg=74ms max=163ms
[chunks] consumed=96/297 buffered=201 state=closed-draining delta=5/15s
[mem] go=heap:6504MiB sys:11763MiB stack:1MiB GCs=43 pebble=memtable:512MiB×2 cache:0MiB L0:353 files
[chunks] consumed=102/297 buffered=195 state=closed-draining delta=6/15s
[appdb] 3m19s: bank items=43.3M total=57.8M rate=261167/s
[appdb] bank: pebble flushes=26 avg=84ms max=219ms
[chunks] consumed=107/297 buffered=190 state=closed-draining delta=5/15s
[mem] go=heap:8756MiB sys:11770MiB stack:1MiB GCs=45 pebble=memtable:256MiB×1 cache:0MiB L0:390 files
[chunks] consumed=114/297 buffered=183 state=closed-draining delta=7/15s
[appdb] 3m49s: bank items=50.2M total=64.8M rate=232183/s
[appdb] bank: pebble flushes=23 avg=82ms max=158ms
[chunks] consumed=120/297 buffered=177 state=closed-draining delta=6/15s
[mem] go=heap:10235MiB sys:11785MiB stack:1MiB GCs=47 pebble=memtable:512MiB×2 cache:0MiB L0:364 files
[chunks] consumed=124/297 buffered=173 state=closed-draining delta=4/15s
[appdb] 4m17s open store="consensus"
[appdb] bank: pebble flushes=8 avg=127ms max=218ms (final)
[chunks] consumed=125/297 buffered=172 state=closed-draining delta=1/15s
[mem] go=heap:9680MiB sys:11799MiB stack:1MiB GCs=49 pebble=memtable:256MiB×1 cache:0MiB L0:425 files
[chunks] consumed=125/297 buffered=172 state=closed-draining delta=0/15s
[appdb] commit bank in 31.992s (hash deferred, fast-storage written)
[appdb] 4m49s open store="distribution"
[appdb] consensus: pebble flushes=1 avg=0s max=0s (final)
[appdb] commit consensus in 0s (hash deferred, fast-storage written)
[chunks] consumed=129/297 buffered=168 state=closed-draining delta=4/15s
[mem] go=heap:5048MiB sys:12042MiB stack:1MiB GCs=52 pebble=memtable:256MiB×1 cache:0MiB L0:490 files
[chunks] consumed=139/297 buffered=158 state=closed-draining delta=10/15s
[appdb] 5m19s: distribution items=5573.4K total=76.8M rate=185708/s
[appdb] distribution: pebble flushes=87 avg=46ms max=374ms
[appdb] 5m23s open store="evidence"
[appdb] distribution: pebble flushes=15 avg=49ms max=163ms (final)
[appdb] commit distribution in 3.645s (hash deferred, fast-storage written)
[appdb] 5m26s open store="feegrant"
[appdb] evidence: pebble flushes=1 avg=0s max=0s (final)
[appdb] commit evidence in 0s (hash deferred, fast-storage written)
[appdb] 5m26s open store="feemarket"
[appdb] feegrant: pebble flushes=1 avg=0s max=0s (final)
[appdb] commit feegrant in 11ms (hash deferred, fast-storage written)
[appdb] 5m27s open store="gov"
[appdb] feemarket: pebble flushes=1 avg=0s max=0s (final)
[appdb] commit feemarket in 0s (hash deferred, fast-storage written)
[appdb] 5m27s open store="ibc"
[appdb] gov: pebble flushes=1 avg=0s max=0s (final)
[appdb] commit gov in 7ms (hash deferred, fast-storage written)
[chunks] consumed=146/297 buffered=151 state=closed-draining delta=7/15s
[mem] go=heap:5598MiB sys:12675MiB stack:1MiB GCs=58 pebble=memtable:256MiB×1 cache:0MiB L0:619 files
[chunks] consumed=150/297 buffered=147 state=closed-draining delta=4/15s
[appdb] 5m57s: ibc items=13.2M total=90.5M rate=438943/s
[appdb] ibc: pebble flushes=42 avg=66ms max=164ms
[chunks] consumed=154/297 buffered=143 state=closed-draining delta=4/15s
[mem] go=heap:9224MiB sys:12675MiB stack:1MiB GCs=62 pebble=memtable:256MiB×1 cache:0MiB L0:483 files
[chunks] consumed=157/297 buffered=140 state=closed-draining delta=3/15s
[appdb] 6m27s: ibc items=24.9M total=102.2M rate=391436/s
[chunks] consumed=163/297 buffered=134 state=closed-draining delta=6/15s
[appdb] ibc: pebble flushes=39 avg=71ms max=176ms
[mem] go=heap:10047MiB sys:12675MiB stack:1MiB GCs=66 pebble=memtable:256MiB×1 cache:0MiB L0:491 files
[chunks] consumed=167/297 buffered=130 state=closed-draining delta=4/15s
[appdb] 6m57s: ibc items=34.2M total=111.6M rate=311147/s
[chunks] consumed=170/297 buffered=127 state=closed-draining delta=3/15s
[mem] go=heap:10391MiB sys:12675MiB stack:1MiB GCs=68 pebble=memtable:512MiB×2 cache:0MiB L0:499 files
[appdb] ibc: pebble flushes=26 avg=77ms max=200ms
[chunks] consumed=172/297 buffered=125 state=closed-draining delta=2/15s
[appdb] 7m19s open store="icacontroller"
[appdb] ibc: pebble flushes=14 avg=78ms max=156ms (final)
[chunks] consumed=174/297 buffered=123 state=closed-draining delta=2/15s
[mem] go=heap:9116MiB sys:12675MiB stack:1MiB GCs=71 pebble=memtable:256MiB×1 cache:0MiB L0:514 files
[chunks] consumed=174/297 buffered=123 state=closed-draining delta=0/15s
[appdb] commit ibc in 30.562s (hash deferred, fast-storage written)
[appdb] 7m50s open store="icahost"
[appdb] icacontroller: pebble flushes=1 avg=0s max=0s (final)
[appdb] commit icacontroller in 1ms (hash deferred, fast-storage written)
[appdb] 7m50s open store="liquid"
[appdb] icahost: pebble flushes=1 avg=0s max=0s (final)
[appdb] commit icahost in 2ms (hash deferred, fast-storage written)
[appdb] 7m50s open store="mint"
[appdb] liquid: pebble flushes=1 avg=1ms max=1ms (final)
[appdb] commit liquid in 8ms (hash deferred, fast-storage written)
[appdb] 7m50s open store="packetfowardmiddleware"
[appdb] mint: pebble flushes=1 avg=0s max=0s (final)
[appdb] commit mint in 0s (hash deferred, fast-storage written)
[chunks] consumed=192/297 buffered=105 state=closed-draining delta=18/15s
[mem] go=heap:8534MiB sys:14317MiB stack:1MiB GCs=74 pebble=memtable:902MiB×3 cache:0MiB L0:581 files
[appdb] 8m4s open store="params"
[appdb] packetfowardmiddleware: pebble flushes=44 avg=38ms max=954ms (final)
[appdb] commit packetfowardmiddleware in 873ms (hash deferred, fast-storage written)
[appdb] 8m5s open store="provider"
[appdb] params: pebble flushes=1 avg=0s max=0s (final)
[appdb] commit params in 1ms (hash deferred, fast-storage written)
[chunks] consumed=209/297 buffered=88 state=closed-draining delta=17/15s
[chunks] consumed=213/297 buffered=84 state=closed-draining delta=4/15s
[mem] go=heap:9057MiB sys:15117MiB stack:1MiB GCs=76 pebble=memtable:512MiB×2 cache:0MiB L0:644 files
[appdb] 8m33s open store="ratelimit"
[appdb] provider: pebble flushes=14 avg=146ms max=224ms (final)
[appdb] commit provider in 9.189s (hash deferred, fast-storage written)
[appdb] 8m42s open store="slashing"
[appdb] ratelimit: pebble flushes=1 avg=0s max=0s (final)
[appdb] commit ratelimit in 0s (hash deferred, fast-storage written)
[appdb] 8m42s open store="staking"
[appdb] slashing: pebble flushes=1 avg=0s max=0s (final)
[appdb] commit slashing in 14ms (hash deferred, fast-storage written)
[chunks] consumed=214/297 buffered=83 state=closed-draining delta=1/15s
[chunks] consumed=227/297 buffered=70 state=closed-draining delta=13/15s
[mem] go=heap:8040MiB sys:15124MiB stack:1MiB GCs=78 pebble=memtable:512MiB×2 cache:0MiB L0:643 files
[appdb] 9m12s: staking items=6385.3K total=136.6M rate=212729/s
[chunks] consumed=249/297 buffered=48 state=closed-draining delta=22/15s
[appdb] staking: pebble flushes=47 avg=50ms max=253ms
[chunks] consumed=277/297 buffered=20 state=closed-draining delta=28/15s
[appdb] 9m28s open store="tokenfactory"
[appdb] staking: pebble flushes=34 avg=78ms max=773ms (final)
[mem] go=heap:6357MiB sys:15130MiB stack:1MiB GCs=81 pebble=memtable:256MiB×1 cache:0MiB L0:827 files
[appdb] commit staking in 5.275s (hash deferred, fast-storage written)
[appdb] 9m34s open store="transfer"
[appdb] tokenfactory: pebble flushes=1 avg=0s max=0s (final)
[appdb] commit tokenfactory in 1ms (hash deferred, fast-storage written)
[appdb] 9m34s open store="upgrade"
[appdb] transfer: pebble flushes=1 avg=0s max=0s (final)
[appdb] commit transfer in 10ms (hash deferred, fast-storage written)
[appdb] 9m34s open store="wasm"
[appdb] upgrade: pebble flushes=1 avg=0s max=0s (final)
[appdb] commit upgrade in 1ms (hash deferred, fast-storage written)
[chunks] consumed=281/297 buffered=16 state=closed-draining delta=4/15s
[chunks] consumed=287/297 buffered=10 state=closed-draining delta=6/15s
[mem] go=heap:8815MiB sys:15130MiB stack:1MiB GCs=84 pebble=memtable:512MiB×2 cache:0MiB L0:497 files
[appdb] 10m2s open extension="08-wasm" format=1
[appdb] 10m2s open extension="wasm" format=1
[appdb] wasm: pebble flushes=45 avg=56ms max=216ms (final)
[appdb] commit wasm in 6.783s (hash deferred, fast-storage written)
[appdb] 10m8s starting final compaction (this can take a few minutes)...
[appdb-compact-start] L0=534/1.27 GB L3=16/62.0 MB L4=86/370.1 MB L5=671/2.17 GB L6=857/9.84 GB | total=2164/13.70 GB in_progress=2 (40.4 MB)
[chunks] consumed=297/297 buffered=0 state=closed-empty delta=10/15s
[appdb-compact] L4=39/165.8 MB L5=916/3.04 GB L6=1015/10.46 GB | total=1970/13.67 GB in_progress=2 (83.2 MB)
[mem] go=heap:8204MiB sys:15130MiB stack:1MiB GCs=85 pebble=memtable:256MiB×1 cache:0MiB L0:0 files
[appdb-compact] L5=643/2.18 GB L6=1007/11.45 GB | total=1650/13.63 GB in_progress=2 (58.7 MB)
[appdb-compact] L5=386/1.52 GB L6=965/12.06 GB | total=1351/13.58 GB in_progress=2 (160.9 MB)
[mem] go=heap:8376MiB sys:15130MiB stack:1MiB GCs=85 pebble=memtable:256MiB×1 cache:0MiB L0:0 files
[appdb-compact] L5=218/979.9 MB L6=953/12.59 GB | total=1171/13.55 GB in_progress=2 (324.1 MB)
[appdb-compact-done] L6=975/13.52 GB | total=975/13.52 GB in_progress=0 (0 B)
[appdb] final compaction complete in 1m9s
[appdb] 11m18s resolving per-store hashes...
[appdb] hashes resolved in 57ms
[16:22:49 +12m07s] snapfetch downloaded 2.76 GB in total (good_peers=4)
[16:22:49 +12m07s] >>> PHASE: snapfetch + import complete elapsed=12m07s height=30960000 stores=25 items=148797623 uncompressed=13.82 GB
[16:22:49 +12m07s] >>> PHASE: pebble cleanup compaction starting
[appdb-cleanup-start] L0=1/2.1 KB L6=975/13.52 GB | total=976/13.52 GB in_progress=1 (0 B)
[appdb-cleanup-done] L6=977/13.52 GB | total=977/13.52 GB in_progress=0 (0 B)
[16:22:49 +12m07s] >>> PHASE: pebble cleanup complete elapsed=0s
[16:22:49 +12m07s] >>> PHASE: cometbft bootstrap-state starting
[bootstrap] [bootstrap] genesis  /root/genesis.cosmoshub-4.json -> /root/rapid-bootstrap-test/config/genesis.json
[bootstrap] [bootstrap] fetching trust hash from https://cosmos-rpc.publicnode.com:443 at height 30960000
[bootstrap] [bootstrap] trust    height=30960000 hash=DD8273ABD5271CA9F602366B69E308794A9F28FEAD83063B0CF3B9AB2AC1F143
[bootstrap] [bootstrap] AppHash  6A9488F0163AD371CABE3BAA12C7C935F3A90E8717F5C8147497A55B4D10DFE3 (state after block 30960000)
[bootstrap] [bootstrap] running cometbft offline state-sync bootstrap (height=30960000)...
[bootstrap] I[2026-05-04|16:22:52.108] Downloading trusted light block using options module=light 
[bootstrap] D[2026-05-04|16:22:53.136] Matching header received by witness          module=light height=30960000 witness=0
[bootstrap] D[2026-05-04|16:22:53.750] Matching header received by witness          module=light height=30960000 witness=1
[bootstrap] D[2026-05-04|16:22:53.847] Matching header received by witness          module=light height=30960000 witness=2
[bootstrap] D[2026-05-04|16:22:53.848] updating trusted light block                 module=light light_block="LightBlock{\n  SignedHeader{\n    Header{\n      Version:        {11 0}\n      ChainID:        cosmoshub-4\n      Height:         30960000\n      Time:           2026-05-04 13:56:42.595388978 +0000 UTC\n      LastBlockID:    1D1E9475B8D37045D4979E6BD2F34390581695065FF0949EDA2AA37BE9377FBD:1:8BCB614F0C36\n      LastCommit:     F24DE30BFDDBB663BC12164488F56973027AE8645A820C82E64482DD2991F49C\n      Data:           E3B0C44298FC1C149AFBF4C8996FB92427AE41E4649B934CA495991B7852B855\n      Validators:     1CB2DC005D0567339DED33B9F0AFE5742092BBA868C7A6C71AD173999FA598EE\n      NextValidators: 1CB2DC005D0567339DED33B9F0AFE5742092BBA868C7A6C71AD173999FA598EE\n      App:            68FD4EB57D0DACDE024FA5EAC1E79BC422D1F71A46993B60908F5538187F432E\n      Consensus:      20CA5E3F42E07A0CDB7BD986EFF1947A23FC27FF47204303E082BC44BB348E0B\n      Results:        E3B0C44298FC1C149AFBF4C8996FB92427AE41E4649B934CA495991B7852B855\n      Evidence:       E3B0C44298FC1C149AFBF4C8996FB92427AE41E4649B934CA495991B7852B855\n      Proposer:       4EB1282675F724B59026F2173C23F0DC9936F118\n    }#DD8273ABD5271CA9F602366B69E308794A9F28FEAD83063B0CF3B9AB2AC1F143\n    Commit{\n      Height:     30960000\n      Round:      0\n      BlockID:    DD8273ABD5271CA9F602366B69E308794A9F28FEAD83063B0CF3B9AB2AC1F143:1:A1093F670166\n      Signatures:\n        CommitSig{73FAD944463A by 56B2F053AD13 on 2 @ 2026-05-04T13:56:48.411519897Z}\n        CommitSig{06A93315868F by FB4FB25A61B4 on 2 @ 2026-05-04T13:56:48.563910965Z}\n        CommitSig{8EA97931E80B by 099E2B095833 on 2 @ 2026-05-04T13:56:48.386008928Z}\n        CommitSig{7554ACA29B76 by 638C11545DF2 on 2 @ 2026-05-04T13:56:48.419739251Z}\n        CommitSig{E9293068316A by 7B3A2EFE5B3F on 2 @ 2026-05-04T13:56:48.415737354Z}\n        CommitSig{8183556F6D46 by 1CED30733D16 on 2 @ 2026-05-04T13:56:48.400310577Z}\n        CommitSig{E6DCD50067F2 by 3B845C9AF1D6 on 2 @ 2026-05-04T13:56:48.396443133Z}\n        CommitSig{A2A9E217D4CB by 2199EAE894CA on 2 @ 2026-05-04T13:56:48.408816854Z}\n        CommitSig{B46D0679936A by 9CF8AE1FD507 on 2 @ 2026-05-04T13:56:48.409491537Z}\n        CommitSig{4EFEE20FCE08 by 6CB47D786B2F on 2 @ 2026-05-04T13:56:48.365345521Z}\n        CommitSig{6200519CB0CD by 25445D0EB353 on 2 @ 2026-05-04T13:56:48.463689814Z}\n        CommitSig{0F1DFCFF703F by D2D458F9209E on 2 @ 2026-05-04T13:56:48.440054462Z}\n        CommitSig{13F9E151627D by D9F8A41B782A on 2 @ 2026-05-04T13:56:48.445702212Z}\n        CommitSig{9E11FD6F2FB7 by 31920F9BC3A3 on 2 @ 2026-05-04T13:56:48.390221544Z}\n        CommitSig{CF9C834B7C3A by 15F4811CAD32 on 2 @ 2026-05-04T13:56:42.596388978Z}\n        CommitSig{2DC63CDAD85C by AC2D56057CD8 on 2 @ 2026-05-04T13:56:48.421888873Z}\n        CommitSig{BCA922D5FB82 by DA6AAAA959C9 on 2 @ 2026-05-04T13:56:48.410157214Z}\n        CommitSig{496EAFFC51B7 by 019B9CA2944D on 2 @ 2026-05-04T13:56:48.453723235Z}\n        CommitSig{6F80833EE11B by 1AE0BD432F9A on 2 @ 2026-05-04T13:56:48.615319445Z}\n        CommitSig{DA20E970218E by 51DB2566204E on 2 @ 2026-05-04T13:56:48.443875497Z}\n        CommitSig{370DED154E55 by 60AAACB82FAB on 2 @ 2026-05-04T13:56:48.412921715Z}\n        CommitSig{0D688DF4860C by F59734A896A7 on 2 @ 2026-05-04T13:56:48.850854748Z}\n        CommitSig{A8EDDAEB6EB8 by 679B89785973 on 2 @ 2026-05-04T13:56:48.396167046Z}\n        CommitSig{23DDAE21489A by 8E0EE37B7B1A on 2 @ 2026-05-04T13:56:48.5510857Z}\n        CommitSig{24A5B371F83E by 0B42E47F154E on 2 @ 2026-05-04T13:56:48.416106916Z}\n        CommitSig{89F9F95CA000 by 5A59DC8746FD on 2 @ 2026-05-04T13:56:48.452343962Z}\n        CommitSig{925825B15571 by CC87F56B5862 on 2 @ 2026-05-04T13:56:48.437313839Z}\n        CommitSig{418EA5DF3F57 by 83F47D7747B0 on 2 @ 2026-05-04T13:56:48.417852234Z}\n        CommitSig{FA5F340D6296 by 81965FE8A15F on 2 @ 2026-05-04T13:56:48.41139279Z}\n        CommitSig{C41CCFAE7D13 by D269A81C7741 on 2 @ 2026-05-04T13:56:48.43573903Z}\n        CommitSig{E2BF22B378CD by 75DAB316F4CA on 2 @ 2026-05-04T13:56:48.625515259Z}\n        CommitSig{23FDC0ED96F8 by 8F168F8AA2B8 on 2 @ 2026-05-04T13:56:48.451334465Z}\n        CommitSig{657A61D63912 by B9ECE1D7B4DD on 2 @ 2026-05-04T13:56:48.411355102Z}\n        CommitSig{F6A3E8A982B9 by E070FA4F050B on 2 @ 2026-05-04T13:56:48.40495537Z}\n        CommitSig{3F75BBA107A3 by B442035488D7 on 2 @ 2026-05-04T13:56:48.408896338Z}\n        CommitSig{40B3674087D1 by DF9283DA25B2 on 2 @ 2026-05-04T13:56:48.387664335Z}\n        CommitSig{38F0E6C14E48 by 95E060D07713 on 2 @ 2026-05-04T13:56:42.596388978Z}\n        CommitSig{86D750C1AA30 by 4EB1282675F7 on 2 @ 2026-05-04T13:56:48.403293723Z}\n        CommitSig{106CA6931932 by C2356622B495 on 2 @ 2026-05-04T13:56:48.435964817Z}\n        CommitSig{68337D39EE05 by 3DC4DD610817 on 2 @ 2026-05-04T13:56:48.399529134Z}\n        CommitSig{83EA6000340E by 59AC672068F7 on 2 @ 2026-05-04T13:56:48.432793897Z}\n        CommitSig{000000000000 by 000000000000 on 1 @ 0001-01-01T00:00:00Z}\n        CommitSig{75CCB8CC51C6 by C5327D64CDF4 on 2 @ 2026-05-04T13:56:48.412421069Z}\n        CommitSig{42095BB13D93 by 978B1D128C6B on 2 @ 2026-05-04T13:56:48.470832125Z}\n        CommitSig{FFCFB1AA5C7A by 41CFCA6F171D on 2 @ 2026-05-04T13:56:48.41443083Z}\n        CommitSig{98C3E5EC9DCA by 0ABBA36C54DD on 2 @ 2026-05-04T13:56:48.408548162Z}\n        CommitSig{BD0AD29E9B87 by 85530E727F95 on 2 @ 2026-05-04T13:56:48.44106499Z}\n        CommitSig{35367A162E7E by 37C8A99DC152 on 2 @ 2026-05-04T13:56:48.849382268Z}\n        CommitSig{2B6CB36B873F by BDB046259EB7 on 2 @ 2026-05-04T13:56:48.406712344Z}\n        CommitSig{9772FF58B79E by 3B49CA97C496 on 2 @ 2026-05-04T13:56:48.391853161Z}\n        CommitSig{36D099CCE221 by B399CADBBD1F on 2 @ 2026-05-04T13:56:48.430590699Z}\n        CommitSig{3F1D0F8325F1 by F18693704059 on 2 @ 2026-05-04T13:56:48.40050705Z}\n        CommitSig{E1337E635805 by F6FD6365ACC5 on 2 @ 2026-05-04T13:56:48.463011961Z}\n        CommitSig{410D066F9EE0 by 495BA7E759C0 on 2 @ 2026-05-04T13:56:48.395918127Z}\n        CommitSig{DCC20F7A539A by 2F7E323B49CB on 2 @ 2026-05-04T15:29:57.101907938Z}\n        CommitSig{D96456745CFE by BB76BC6322C7 on 2 @ 2026-05-04T13:56:48.434697542Z}\n        CommitSig{A3C2650E7394 by BB5DD48E6621 on 2 @ 2026-05-04T13:56:48.459402706Z}\n        CommitSig{667E5D3559DE by 59C270B760D4 on 2 @ 2026-05-04T13:56:48.409284913Z}\n        CommitSig{1ADFF59F58AC by AA355DECB1BC on 2 @ 2026-05-04T13:56:48.473280484Z}\n        CommitSig{A33AF3EC5A93 by AC50DFF7B28D on 2 @ 2026-05-04T13:56:48.423699553Z}\n        CommitSig{2F51484B3281 by 46A3F8B8393B on 2 @ 2026-05-04T13:56:48.498210385Z}\n        CommitSig{DF9330F680D6 by 592F17BB8CF3 on 2 @ 2026-05-04T13:56:48.411027425Z}\n        CommitSig{4B6FE01A8642 by C4F6210CB772 on 2 @ 2026-05-04T13:56:48.379868519Z}\n        CommitSig{332DA58AA2EC by D0ACC7204D71 on 2 @ 2026-05-04T13:56:48.458211882Z}\n        CommitSig{A41C40BE33C9 by C05AA296EAFD on 2 @ 2026-05-04T13:56:48.412808743Z}\n        CommitSig{1E51EC474342 by 2DF871BCA673 on 2 @ 2026-05-04T13:56:48.4510133Z}\n        CommitSig{9DCD25CB42E0 by 7B3D01F754DF on 2 @ 2026-05-04T13:56:48.412017108Z}\n        CommitSig{7EAF2A8FEA18 by D68EEC0D2E82 on 2 @ 2026-05-04T13:56:48.433256802Z}\n        CommitSig{7C7827C26E65 by B2BF68AD4CED on 2 @ 2026-05-04T13:56:48.574933396Z}\n        CommitSig{4CC9F671852C by 9AD0AA18A92A on 2 @ 2026-05-04T13:56:48.450532748Z}\n        CommitSig{590AE579D671 by 9713818DA540 on 2 @ 2026-05-04T13:56:48.372481517Z}\n        CommitSig{8EE44C2258C6 by 782238ADDDAB on 2 @ 2026-05-04T13:56:48.394407368Z}\n        CommitSig{5DBBD8C6ADA7 by 52E164613443 on 2 @ 2026-05-04T13:56:48.42124292Z}\n        CommitSig{CC59A14FEA0A by 68F5BBEACEF1 on 2 @ 2026-05-04T13:56:48.623887178Z}\n        CommitSig{16349025FB62 by 672B3ABDEA63 on 2 @ 2026-05-04T13:56:48.419724943Z}\n        CommitSig{BA51F5B1A9AC by 108E47FC1B85 on 2 @ 2026-05-04T13:56:48.377524023Z}\n        CommitSig{77C6B9841B81 by B31581E9FF57 on 2 @ 2026-05-04T13:56:48.471950031Z}\n        CommitSig{825D1A051EA3 by 57713BB7421C on 2 @ 2026-05-04T13:56:48.387219926Z}\n        CommitSig{8F89219390FE by AE456A85A5C6 on 2 @ 2026-05-04T13:56:48.389683874Z}\n        CommitSig{6090CDB30C70 by 00CCEECFD01B on 2 @ 2026-05-04T13:56:48.641941081Z}\n        CommitSig{B6619A5A7B89 by 7B6902E33AF6 on 2 @ 2026-05-04T13:56:48.4211813Z}\n        CommitSig{E45FA102BE62 by B4E1085F1C9E on 2 @ 2026-05-04T13:56:48.445175608Z}\n        CommitSig{263D094435EF by 13EE3F05F20C on 2 @ 2026-05-04T13:56:48.477874535Z}\n        CommitSig{AAA24290C5E0 by 25A9D452D35F on 2 @ 2026-05-04T13:56:48.393820268Z}\n        CommitSig{8512385B2770 by 44CB22521C77 on 2 @ 2026-05-04T13:56:48.443252655Z}\n        CommitSig{DDFE40627CA3 by 2F2E328BFF18 on 2 @ 2026-05-04T13:56:48.467377072Z}\n        CommitSig{45731A6B8DEA by BBE55ED9B2E4 on 2 @ 2026-05-04T13:56:48.383351555Z}\n        CommitSig{D2B726595AA8 by D5EDC934314C on 2 @ 2026-05-04T13:56:48.40104225Z}\n        CommitSig{F2DC756C9A5A by 8F40A4687315 on 2 @ 2026-05-04T13:56:48.439507561Z}\n        CommitSig{991E81D91482 by 6EA863B44BA3 on 2 @ 2026-05-04T13:56:48.531701014Z}\n        CommitSig{7A36B58C8EDD by 6BD470502133 on 2 @ 2026-05-04T13:56:48.510646949Z}\n        CommitSig{89488C655F9D by 818964B4FB36 on 2 @ 2026-05-04T13:56:48.50758509Z}\n        CommitSig{0F70F0CE44D8 by 2C2A5E9B9EF9 on 2 @ 2026-05-04T13:56:48.452963682Z}\n        CommitSig{6D756BBAE067 by 671460930CCD on 2 @ 2026-05-04T13:56:48.561455896Z}\n        CommitSig{B46C9B09850D by 78F1D7A9773F on 2 @ 2026-05-04T13:56:48.393228394Z}\n        CommitSig{3EA05A27CA86 by 21223475CE86 on 2 @ 2026-05-04T13:56:48.466398333Z}\n        CommitSig{22027D6BA2A2 by B5B32011EC07 on 2 @ 2026-05-04T13:56:48.453565222Z}\n        CommitSig{0D5E06B8DB9D by 9CF389DCC22F on 2 @ 2026-05-04T13:56:48.405266897Z}\n        CommitSig{4BB47D7B2C42 by 734D445D8545 on 2 @ 2026-05-04T13:56:48.519696461Z}\n        CommitSig{A3FC22CA3FBE by 12C2AA0DE66F on 2 @ 2026-05-04T13:56:48.433466756Z}\n        CommitSig{64D45C222491 by E31533B82AC6 on 2 @ 2026-05-04T13:56:48.453201613Z}\n        CommitSig{1DC980CA86B9 by D14A542E8756 on 2 @ 2026-05-04T13:56:48.373890573Z}\n        CommitSig{30D9C7809E93 by CC05882978FC on 2 @ 2026-05-04T13:56:48.398419366Z}\n        CommitSig{905FA6CF36D6 by B236B2A23AD7 on 2 @ 2026-05-04T13:56:48.390581391Z}\n        CommitSig{B8029FD635E0 by 46759662382F on 2 @ 2026-05-04T13:56:48.483537483Z}\n        CommitSig{2656DA3DD345 by 88A65045F5EE on 2 @ 2026-05-04T13:56:48.434566665Z}\n        CommitSig{2BB158E2ED28 by 407F144D1C9D on 2 @ 2026-05-04T13:56:48.429318719Z}\n        CommitSig{6C9A0CC2FDB0 by 51205659A717 on 2 @ 2026-05-04T13:56:48.472368612Z}\n        CommitSig{0FFD3E7A750B by 477367218C9F on 2 @ 2026-05-04T13:56:48.412040872Z}\n        CommitSig{9C9C7253EF13 by 6A51554E8C0C on 2 @ 2026-05-04T13:56:48.40797702Z}\n        CommitSig{A2265B266277 by 6E2234F88181 on 2 @ 2026-05-04T13:56:48.405488017Z}\n        CommitSig{44F0D6B23B1C by 08065D40B9D4 on 2 @ 2026-05-04T13:56:48.465574508Z}\n        CommitSig{FB2C7EA1E58C by 6A4D14A7AC9B on 2 @ 2026-05-04T13:56:48.367261178Z}\n        CommitSig{D949ACC1D1C4 by 58D29D3BCCED on 2 @ 2026-05-04T13:56:48.427942823Z}\n        CommitSig{701F886AF94A by DE851B826935 on 2 @ 2026-05-04T13:56:48.470186245Z}\n        CommitSig{0B9730710D73 by 9C15C2E717D3 on 2 @ 2026-05-04T13:56:48.406283386Z}\n        CommitSig{85AF45346B98 by 91C823A744DE on 2 @ 2026-05-04T13:56:48.48014347Z}\n        CommitSig{82FB4E1A2C27 by B2336DC86A74 on 2 @ 2026-05-04T13:56:48.420880431Z}\n        CommitSig{8ADE8EF74282 by A7D9E6DB8CA5 on 2 @ 2026-05-04T13:56:48.448447412Z}\n        CommitSig{2856FA2BE9FF by 0939CD5EE88F on 2 @ 2026-05-04T13:56:48.410382813Z}\n        CommitSig{7FD37333A6E6 by 04B42DA59A43 on 2 @ 2026-05-04T13:56:48.458447058Z}\n        CommitSig{1AEBB32C4747 by 1AEA8AD7C2BB on 2 @ 2026-05-04T13:56:48.450006275Z}\n        CommitSig{96D73F81C6A5 by 6C4EC11EB897 on 2 @ 2026-05-04T13:56:48.552181184Z}\n        CommitSig{986C4F902DCA by 009037C2C756 on 2 @ 2026-05-04T13:56:48.392064118Z}\n        CommitSig{407F8DCEF663 by 1639E3486FD7 on 2 @ 2026-05-04T13:56:48.455019871Z}\n        CommitSig{23FD59CBAB5A by 696ABC95186F on 2 @ 2026-05-04T13:56:48.466393849Z}\n        CommitSig{B55060B067BA by C2DDD9700CF5 on 2 @ 2026-05-04T13:56:48.453376456Z}\n        CommitSig{8F8F3591CC63 by 48FD560D3CB0 on 2 @ 2026-05-04T13:56:48.433004155Z}\n        CommitSig{BC2CA0F23EDE by 3A66B4B5C432 on 2 @ 2026-05-04T13:56:48.396217928Z}\n        CommitSig{C7E688AF5B29 by 39EAD9510213 on 2 @ 2026-05-04T13:56:48.486893119Z}\n        CommitSig{65904ECD96AB by B0765A2F6FCC on 2 @ 2026-05-04T13:56:48.496780721Z}\n        CommitSig{7E753B6C0FDC by 2B9A55D3BF93 on 2 @ 2026-05-04T13:56:48.435653545Z}\n        CommitSig{BD3027D5B742 by F2339A116583 on 2 @ 2026-05-04T13:56:48.462039565Z}\n        CommitSig{7D2A3946F9FC by ABF56B068815 on 2 @ 2026-05-04T13:56:48.408824997Z}\n        CommitSig{C5EA1D426363 by 808D6B054A0B on 2 @ 2026-05-04T13:56:48.515423056Z}\n        CommitSig{BDB000518D5E by 7420B73F1028 on 2 @ 2026-05-04T13:56:48.415365334Z}\n        CommitSig{3F6E67230F46 by B4CC03F2ACA2 on 2 @ 2026-05-04T13:56:48.448606836Z}\n        CommitSig{49B1D07F103B by 9DF8E338C85E on 2 @ 2026-05-04T13:56:48.496992042Z}\n        CommitSig{CF686C7FC317 by 846BE4F39E31 on 2 @ 2026-05-04T13:56:48.481088576Z}\n        CommitSig{772AD8FAC8F2 by 3363E8F97B02 on 2 @ 2026-05-04T13:56:48.527470826Z}\n        CommitSig{9F9B0EE61260 by B0155252D73B on 2 @ 2026-05-04T13:56:48.48772911Z}\n        CommitSig{00AC56A171C8 by F2AC99C1CC09 on 2 @ 2026-05-04T13:56:48.469566467Z}\n        CommitSig{8C29C7F04FD6 by 000001E443FD on 2 @ 2026-05-04T13:56:48.445759503Z}\n        CommitSig{132827DE1E7A by AFE27475A1AF on 2 @ 2026-05-04T13:56:48.612894521Z}\n        CommitSig{68D6B8C4027E by A0B51E103A89 on 2 @ 2026-05-04T13:56:48.422025181Z}\n        CommitSig{94B67AF5F567 by 8FE3CFFA6A07 on 2 @ 2026-05-04T13:56:48.488759213Z}\n        CommitSig{FE3F6222324A by 84B3D8922BA2 on 2 @ 2026-05-04T13:56:48.407905309Z}\n        CommitSig{F0B57B37F1C5 by EBED694E6CE1 on 2 @ 2026-05-04T13:56:48.555933226Z}\n        CommitSig{DCEB9366047B by 16BA55A7F83B on 2 @ 2026-05-04T13:56:48.509414945Z}\n        CommitSig{CE3A06E6D305 by 42D6705E7166 on 2 @ 2026-05-04T13:56:48.414955272Z}\n        CommitSig{69CBF2E85EFD by B441A6DCF901 on 2 @ 2026-05-04T13:56:48.525649887Z}\n        CommitSig{2FA3B993A8B7 by 75CF712C0B8B on 2 @ 2026-05-04T13:56:48.441600272Z}\n        CommitSig{8811DE71624E by C52ACDB32057 on 2 @ 2026-05-04T13:56:48.414006264Z}\n        CommitSig{CA1D4D07D1D9 by 87A281DAB244 on 2 @ 2026-05-04T13:56:48.434850111Z}\n        CommitSig{516656C00BB6 by 5D51DFD43706 on 2 @ 2026-05-04T13:56:48.475671184Z}\n        CommitSig{5410A457D0F3 by C12AB171752F on 2 @ 2026-05-04T13:56:48.404078502Z}\n        CommitSig{5FDC218077E1 by B543A7DF4878 on 2 @ 2026-05-04T13:56:48.407104717Z}\n        CommitSig{26B4FE5A9512 by 559681BC50D1 on 2 @ 2026-05-04T13:56:48.470593653Z}\n        CommitSig{9A9A40991AC7 by 2D74FE5F939C on 2 @ 2026-05-04T13:56:48.627969761Z}\n        CommitSig{47D5BDEF59F7 by 24016294C4FF on 2 @ 2026-05-04T13:56:48.460611527Z}\n        CommitSig{23A2A4C96968 by BAC33F340F34 on 2 @ 2026-05-04T13:56:48.50943235Z}\n        CommitSig{07AF6EE7069B by 187E3364C6B3 on 2 @ 2026-05-04T13:56:48.48680999Z}\n        CommitSig{952F6B93A053 by 398910053D8A on 2 @ 2026-05-04T13:56:48.496990684Z}\n        CommitSig{E396C746C019 by 9A5B262C8308 on 2 @ 2026-05-04T13:56:48.46232346Z}\n        CommitSig{D3271D99B2AB by 65E7B639FFAD on 2 @ 2026-05-04T13:56:48.440125853Z}\n        CommitSig{593BF55FE44B by 4289F79D6DB3 on 2 @ 2026-05-04T13:56:48.430498751Z}\n        CommitSig{D185E690459C by E6ABAEF08489 on 2 @ 2026-05-04T13:56:48.424084747Z}\n        CommitSig{84A754246FE3 by 36AEEA8E7695 on 2 @ 2026-05-04T13:56:48.432774855Z}\n        CommitSig{FAAC3CD25A4D by 55316C9AB3AE on 2 @ 2026-05-04T13:56:48.41135655Z}\n        CommitSig{676EC4C992E5 by E507FF4DAA45 on 2 @ 2026-05-04T13:56:48.400465351Z}\n        CommitSig{7B14E37BE003 by 000AA5ABF590 on 2 @ 2026-05-04T13:56:48.406875987Z}\n        CommitSig{C5A01F43B653 by B2D16E5FD0EE on 2 @ 2026-05-04T13:56:48.439479768Z}\n        CommitSig{6C10A8F2FF39 by 33734B71FDF3 on 2 @ 2026-05-04T13:56:48.394102624Z}\n        CommitSig{A52E95A2A046 by FB6D209DDFEC on 2 @ 2026-05-04T13:56:48.557128201Z}\n        CommitSig{84ABC0ECC524 by C20E89852803 on 2 @ 2026-05-04T13:56:48.437765046Z}\n        CommitSig{E70A8BAD6196 by 8004A0E2440C on 2 @ 2026-05-04T13:56:48.413381471Z}\n        CommitSig{B5DA861529A5 by A75996D69B08 on 2 @ 2026-05-04T13:56:47.130419957Z}\n        CommitSig{191ACCC14EB1 by 89C84ECC281F on 2 @ 2026-05-04T13:56:48.448912223Z}\n        CommitSig{AFA5506DFEF7 by B927FDA7B083 on 2 @ 2026-05-04T13:56:48.444288951Z}\n        CommitSig{E444521FEBF9 by 946F104229D7 on 2 @ 2026-05-04T13:56:48.42244669Z}\n    }#\n  }\n  ValidatorSet{\n    Proposer: Validator{946F104229D7EDAD4BBC45155D2CA0FCDCE44DF7 PubKeyEd25519{67C5B3FB4225C58E28A473D95A28402DCFB95FC150C70F4C6DC36ABAC631A8B7} VP:245 A:-339536785}\n    Validators:\n      Validator{56B2F053AD136642D3FC9098FB2DD01454F396D5 PubKeyEd25519{925ACB357C71717C75BF446F7A58FD6448DAACFF065EF78E4454A51899700103} VP:61517620 A:122323157}\n      Validator{FB4FB25A61B493A5BF8E3CD4B5E8F5B404DA8E23 PubKeyEd25519{EBCAFC0C0BA450F30264C0F7E808CEB1FEAA453163F95DB9B9A1351001510002} VP:22364225 A:137406068}\n      Validator{099E2B09583331AFDE35E5FA96673D2CA7DEA316 PubKeyEd25519{7B705E8671089465009C9627F55F20057B8C878B573BCC71971C970F500F1B29} VP:15149263 A:136743801}\n      Validator{638C11545DF20961BDE0373D1602ECECB3BC6CD0 PubKeyEd25519{69C4E38066E37E9F1D0C29ADFFEDF7468247E635C0048360C56660B2A112F81D} VP:14954166 A:-60645095}\n      Validator{7B3A2EFE5B3FCDF819FCF52607314CEFE4754BB6 PubKeyEd25519{D75A46C2DE9BA2DD440B9C5EBA0F26BA514D0415AC1D5F97ED7AF12D4993345F} VP:13668983 A:96299448}\n      Validator{1CED30733D1625C89AB698677606D0E37B3676A9 PubKeyEd25519{761843DC8E506ED0BCEF4225E08CCC2F94360305438929FDFC727DC34F5181D8} VP:12254043 A:132745601}\n      Validator{3B845C9AF1D69E9FBB620B69AB226B28BAC97985 PubKeyEd25519{F0A0FCE51F0432615AB5ACED2F250EE348E9D68DB5F80EA96ECA002FF9B54812} VP:8842623 A:-111824836}\n      Validator{2199EAE894CA391FA82F01C2C614BFEB103D056C PubKeyEd25519{0BE556737E1917A9FF4282005E8E35F753B02B1416A5B167AC6282A9C35B7B51} VP:8637604 A:121126212}\n      Validator{9CF8AE1FD507F97A054250582FFE52922C8D3705 PubKeyEd25519{D7741A5DBCBCE15F947AEDD8F0DA5AB2000B7115F3976F64D80F4AFF71514073} VP:8217059 A:141374735}\n      Validator{6CB47D786B2F350C13A60BB77D398AC82E900985 PubKeyEd25519{DF201804FE897EFFA26A009FD1F468B6B18491413AB6E4FE038004E0B2FCBD39} VP:8087282 A:160900975}\n      Validator{25445D0EB353E9050AB11EC6197D5DCB611986DB PubKeyEd25519{194A9B512FBB3DEA6535FC557270C8CAB5D32C93CD749438310EA4060E5E629C} VP:7297856 A:77519397}\n      Validator{D2D458F9209ECB8CA2AAB1D99E06611B812A8797 PubKeyEd25519{8540D7A2CA6C881EA8255BE44550762326A7087B3986269EAA8116CE9F5B7BCC} VP:6349036 A:50192800}\n      Validator{D9F8A41B782AA6A66ADC81F953923C7DCE7B6001 PubKeyEd25519{9FD6D6F619AFC12C26FC09C9B43C1934603ED914A842C7E8305B1CD91ADBD2F6} VP:6277326 A:-69053710}\n      Validator{31920F9BC3A39B66876CC7D6D5E589E10393BF0E PubKeyEd25519{961FE9F144E9D6417CFB89E839E227506DCFB96A45CE4E8C9E8A63D2EA5DB782} VP:6206456 A:161950709}\n      Validator{15F4811CAD3266058AA182D3EFC8D9DA2A4A57E7 PubKeyEd25519{EC45CAE2DE918BD4017D04BC2B6ACC63D9AF04851F79CAF624BDC53C3A8A8AB7} VP:5621530 A:-106737468}\n      Validator{AC2D56057CD84765E6FBE318979093E8E44AA18F PubKeyEd25519{D24365C413299BEE56B5F1C81B5C6C59AB4E5D328F2ED992AA7DC488420365E2} VP:4957356 A:99501975}\n      Validator{DA6AAAA959C9EF88A3EB37B1F107CB2667EBBAAB PubKeyEd25519{29B8516AC48CC51B52B5E8EA2BF032CDEC66FC3B5ABE57DB363586CE73D73251} VP:4447103 A:-90057358}\n      Validator{019B9CA2944D3CC36C7C73283EF3D58E56C8A5D4 PubKeyEd25519{A53720FD05410BE2F3A51D01BB29C3A4C90D878B5A8F278A08EB6658C7E4BC55} VP:4341667 A:87884608}\n      Validator{1AE0BD432F9A5122474A646325D1AFA6068692E9 PubKeyEd25519{A64EEF2FD6285C9CB903710EC9EB08BD9E6A971736AAC5BDF4A93F573A1B9206} VP:4249920 A:114237048}\n      Validator{51DB2566204EE266427EA8A6CB719835AB170BE9 PubKeyEd25519{A2F75F1FF79D5BCF7EBA20749470B93A709B41F2AD927F06D511D988E3F8B184} VP:3234606 A:137817343}\n      Validator{60AAACB82FAB9D90CB2DF0AA0CCE4555101ED90C PubKeyEd25519{20651D678DFDFEE0A05301A6A8E77940C50AB6923CB5A5109E96DD71325D73F4} VP:3228392 A:-93133442}\n      Validator{F59734A896A7689436BC3422244FD862AE189C5C PubKeyEd25519{41A8E37F5922009D0CD54707D5349460B3F5DE4804D76F00BF55E61903BBD757} VP:3190928 A:142128201}\n      Validator{679B89785973BE94D4FDF8B66F84A929932E91C5 PubKeyEd25519{46887DF5196C9C32875056147105479364BCE0D7997D976973E0816FA3511213} VP:3125758 A:-9289951}\n      Validator{8E0EE37B7B1A038DD145E30F1EF97DF3619EF429 PubKeyEd25519{4A944E88B381BF77D620DBD7BE05C70CC2CC8D533FF71DB85A90B7007FDA4DB6} VP:2917434 A:162014231}\n      Validator{0B42E47F154E24D10184BB12E32347AAC61C6B80 PubKeyEd25519{538B2C5E71500A9655FE1661FABDCBEF5665A1AB0471747FFCB748551F7341BE} VP:2619512 A:-42912717}\n      Validator{5A59DC8746FD727FDDD5CBF5CBB90C6F616CCF9B PubKeyEd25519{08CD2DBB005533650FCDCD5E28EBEFADA41D4A72160B7AE24DA6CA41CDA9BD87} VP:2577485 A:113069064}\n      Validator{CC87F56B58621811E2B5A47F38C6166E295CE36E PubKeyEd25519{05EC2121383FB4051FD322985F81DB90733E0AC2FC27058F68F586E18D2F0A41} VP:2342287 A:-12104186}\n      Validator{83F47D7747B0F633A6BA0DF49B7DCF61F90AA1B0 PubKeyEd25519{5B8E7D29B771F8B250EDD2D50125BAB007DDA96A8D4525E7BDCE77AFD68EC7FA} VP:2131646 A:-125747586}\n      Validator{81965FE8A15FA8078C9202F32E4CFA72F85F2A22 PubKeyEd25519{3DF95281BFA50B5188DB6C1CE8DFF9E1C3730FB292610C82591E4BB90C636156} VP:2125020 A:-17099368}\n      Validator{D269A81C7741F458C31DB7FB14C58176421FB2F8 PubKeyEd25519{1E2271E454EAA43F14CB8B36DB21679B5E91346BB98C2CE32C0E4E103F0D40F8} VP:2109598 A:-70375728}\n      Validator{75DAB316F4CA1367F532AB71A80B7FA65AB69039 PubKeyEd25519{9215A42BCD5B24082C80B2F61ACA1329EBE8B1227EF3656496FA42F203A1EB29} VP:2006669 A:77197752}\n      Validator{8F168F8AA2B85C328DE762FA1345C58153B671A7 PubKeyEd25519{DB8ED7F01156B8B2470712E2F67405B3D07DBC6DEEE8C6A4E1B467F3C512C88D} VP:1997918 A:-74244369}\n      Validator{B9ECE1D7B4DD80E868263EA3AAF272B9C7F1292D PubKeyEd25519{D30435489B9C4710DE015C024331629E49B72B45243A59E47F92E5F8196E0D00} VP:1976455 A:-86159625}\n      Validator{E070FA4F050BAF7EA2761C52A6A5715780681939 PubKeyEd25519{B7D97C1E3C312FC595C1A9F16D94CEBFB60D794229E449CCC20DB1695822F08D} VP:1832396 A:15913804}\n      Validator{B442035488D7901D75D8F9AEFF04F64DF7BE160E PubKeyEd25519{FAF9BA6DF6256AB0103DBB8839369C3DCA519F7D108320C02DABE51655F6238E} VP:1702141 A:43061397}\n      Validator{DF9283DA25B296426E97438614D1C62DC1019D84 PubKeyEd25519{C18822CE6D4CA14E3E40C3D5D253E5112A3F6796330DB7E76B9EB690E50D538B} VP:1652475 A:-121561904}\n      Validator{95E060D07713070FE9822F6C50BD76BCCBF9F17A PubKeyEd25519{6A1810CC83A60A1E7E03D8865C9461F0028D964E0D09C3A23DE6F3644B883770} VP:1604590 A:-94230554}\n      Validator{4EB1282675F724B59026F2173C23F0DC9936F118 PubKeyEd25519{E6A29D07376BF171F0D81591FFCC8471E1515848C6A73B2A068EAAD0E5647FD8} VP:1392545 A:-133244838}\n      Validator{C2356622B495725961B5B201A382DD57CD3305EC PubKeyEd25519{A590737E05FC6895F3F6DA86BF3EF9367241D30005B0CADFC58E854E760C6744} VP:1357984 A:67105962}\n      Validator{3DC4DD610817606AD4A8F9D762A068A81E8741E2 PubKeyEd25519{915DEA44121FBCEB01452F98CA005B457FE8360C5E191B6601EE01B8A8D407A0} VP:1314147 A:50758562}\n      Validator{59AC672068F7AE75ED8F5300FC3261C92B909A0A PubKeyEd25519{195326EB7C64ECB6D19AD75C43C834DA572C115372375893D71C9540A44CDCF9} VP:1201667 A:59710497}\n      Validator{170FEFD6D7F4A69AAE70A24415FC4E2C928DE2E5 PubKeyEd25519{37B0FF7CBFC7829CF5506E49FF02E0A39197BD0335D7F949C8283506302A5236} VP:1121717 A:-117840325}\n      Validator{C5327D64CDF4A04BE1206E65F5B61D44923630E6 PubKeyEd25519{1714A3B12BD63DBC39350733B21D3E4115AA61355AB8525DFCC6AD7A89DB7CEF} VP:1066609 A:173692847}\n      Validator{978B1D128C6B2FAC528C7F96B7D2EDDDF82A1B9E PubKeyEd25519{20FF28BC773C52ABED7C4ECDC472E4E0F85FE112EC8A4C0E8286F20FE7BA8290} VP:1063391 A:-119006254}\n      Validator{41CFCA6F171D22443FAA6EE4A5710A983A95790D PubKeyEd25519{BE541ECFD1895AA61C38B2B6F7170E58923890A2889A4253AD09B9F23F599228} VP:1025789 A:114908168}\n      Validator{0ABBA36C54DD0CA6A790AEF96A01D4392E36345F PubKeyEd25519{B84511D60A5EB14E1B9D258BD9339739FDE8AE0DA60988501CC624882272303E} VP:978901 A:-14599673}\n      Validator{85530E727F953AAF9E2C4563A34493C2EF5A55CC PubKeyEd25519{D0F20923117BCCD29B304D40C5BC1E1FB984E1D098CF4F01BAE89449D1B39DCC} VP:966483 A:18495436}\n      Validator{37C8A99DC15238D453C0FBEE7C2ACBEDFD27C1E4 PubKeyEd25519{67C06CFCD071B2152A506E20248D3F3BAA8C9FF1FF6680F5E91974B5E8DCB58D} VP:940281 A:102952952}\n      Validator{BDB046259EB7FB74A28015E31E64CEE9F0802199 PubKeyEd25519{5807907AC0B704DB559D9C092A27B90C03A30F72A58E0F366F973B8FF4C1FA5D} VP:935779 A:-77836775}\n      Validator{3B49CA97C4969033163A872152870489EDEBF080 PubKeyEd25519{D452BAD433D43FDF2F7A716C14F997E09A8B98331CC36B4198E6367B2A02CB48} VP:933029 A:11392200}\n      Validator{B399CADBBD1F5DFB957ED290D204C5B1C3379E4E PubKeyEd25519{B4C58642F131F71D6ED04F68F6C1ACA8268D966F08983C89B10729521C4DA0A1} VP:917589 A:158672687}\n      Validator{F18693704059BFDD3D107D436A2B23B2B1B4A72C PubKeyEd25519{E1DC43E899A4DECE2292C1E4A843CD0383D971DBFCB3DF4208A71B97EF39E80F} VP:885225 A:-71988709}\n      Validator{F6FD6365ACC5382B6AD6566CD2971904B75F7E24 PubKeyEd25519{0EC6B7EC09E9045E74A911BCD0A583DDE1E56ED1FEE06EA1B0CCC89858532521} VP:838699 A:-57792615}\n      Validator{495BA7E759C0FDDE0C5FF52195089A19A1748B70 PubKeyEd25519{5E9C0E5A12FFC87AB95435186E93FA562E52C3EAD83B0EEE636BD4A8F35CF9F9} VP:814709 A:-116938621}\n      Validator{2F7E323B49CBA0901C972F9E50E08C4C3FCFCC82 PubKeyEd25519{CFB57B6AE71985DBB4344491F2CF6477220A00D5207F2EFE4EC157871382BB78} VP:800490 A:-380886}\n      Validator{BB76BC6322C7533A7CCD3AF1C089C7B3971FB012 PubKeyEd25519{600411FD32CCB833203934BF29C31D53CD32D890337BB0D7FC610BABDBAA7443} VP:794308 A:-131967632}\n      Validator{BB5DD48E6621A2103FBFB2FA9A5DE861E3E5532D PubKeyEd25519{B0EFEF7C6EFA5CCBAD4AC6BF6F76C0F3CD1741311750C80E65DC41AFF199509C} VP:750696 A:83275351}\n      Validator{59C270B760D49A286E2D8706C39FDE641925B5CE PubKeyEd25519{213FFFE13FD42B74917FC7BF7B681B028833AD0EC4B62576329CBEAC6478227D} VP:718733 A:58691963}\n      Validator{AA355DECB1BCB6B6B24ED87B24918CF33FF19149 PubKeyEd25519{BF2CBDBF8AAE8EB2395E1D8A3F6C7923C43BA963707EA02D5B4223B38400DDDE} VP:717402 A:-89532713}\n      Validator{AC50DFF7B28DCA5045595DB2D38AB55EBF3C40A5 PubKeyEd25519{6AE71CF5149426ACB349993E797E95BFC5561ACE3DEBBF5D7C369A28B6386B2F} VP:699521 A:-93517723}\n      Validator{46A3F8B8393BAA153C40E5722EAE82EA0D48B32D PubKeyEd25519{EC801DB2B2F3FAF3F6F03FC9259C1651D29EFBC29650DF13B245F1721FBCA7A8} VP:696628 A:14192}\n      Validator{592F17BB8CF36AA35867659F8B0E9E76E11BCFBA PubKeyEd25519{21E4D410B42CEF89598FAFA4B4E33850DF9455B01B8B079AB3DB82D6F43F3A79} VP:689901 A:149446834}\n      Validator{C4F6210CB772C0B37FF8520547EC26BEFDB1193B PubKeyEd25519{A13B2A75172F65B09F830A30FE41E18AEAC2E30EDD49E48AF2653225A16F7F27} VP:676446 A:42275436}\n      Validator{D0ACC7204D713CFF9FB449F2D52C0545DC7C13E9 PubKeyEd25519{6C4B2DC3E422A2A26E9B7874D3532F6F2E247CA4C2DE0E0438D7DF1B2D12D205} VP:670232 A:104295908}\n      Validator{C05AA296EAFDAD046F72B10438EC53F51B0DC50A PubKeyEd25519{4782EBB6E02152822A15439833779F41C3749B25B1F4BA95F1FF14698591D1E1} VP:669178 A:107273957}\n      Validator{2DF871BCA6733FE3AD33F69A06F8AAC4C6B5BB00 PubKeyEd25519{9FD322EAAE62538686D02DB88B435EE03A5DDA57A7C3FE2F8ECD66A10B1C88BC} VP:628168 A:-61308940}\n      Validator{7B3D01F754DFF8474ED0E358812FD437E09389DC PubKeyEd25519{578A283C486D23C94D10D3157E415FC94765754386B52A918CD65CC61A6A2900} VP:604605 A:8986465}\n      Validator{D68EEC0D2E8248F1EC64CDB585EDB61ECA432BD8 PubKeyEd25519{2ED88754B09C13EA05208D2FA4897D99F9060E693D0693E0D5E524BCA9CEE31C} VP:580375 A:577908}\n      Validator{B2BF68AD4CED6FE8F71AACAD01003436EBE0729F PubKeyEd25519{BC648A7DB432280A6F0618A7A4E380D17400763C5C7A2858370B46B247D91B24} VP:547767 A:-3746923}\n      Validator{9AD0AA18A92A1A4374426ED9B8192D1D6C3D2691 PubKeyEd25519{EDE1D2F670115EBE20CAEB835716D00B608356411ADB6C9EDEE1E171B78BBAB7} VP:546636 A:-41388488}\n      Validator{9713818DA540B2AD40CD3A821865F1CA288A1BAA PubKeyEd25519{82FBE4EDF6E8AD6B2AB41E29B1E64BF9059A6FB8899D3D0F658B3ED2815AD810} VP:508435 A:-33220910}\n      Validator{782238ADDDAB20A994DF2A66506A6FD9706CB98F PubKeyEd25519{FCA2EE2AAE5BE8416D24346B51C5EAB33DF1550376E5EF40592102D5059DF0ED} VP:501249 A:-103633434}\n      Validator{52E1646134432BF9532B4881C6ED32E40AE5A2DD PubKeyEd25519{172356A20A0E890151570B498FC2B2C25C89A5416198FCDE912903BEB6D24EF3} VP:497414 A:-49972631}\n      Validator{68F5BBEACEF114C720EA9C98BFA2FFDE01C54FD1 PubKeyEd25519{5E21B3FC3E9E83729D8DA141D2E60827090E4D6E7165C151C49987710601DF38} VP:485918 A:-90437358}\n      Validator{672B3ABDEA631ECA654928ADD4B1596FDB5A16B1 PubKeyEd25519{A6FD7792983C73F4AD207F788E47C8DC81AEC75EDAB3EA6547852931EC7274A6} VP:480696 A:61683101}\n      Validator{108E47FC1B8546F98F7EA52F2547CC44497DB1BF PubKeyEd25519{7F65327F260A219A69522E23A1A2A8B1BA0765BB6C22B56C1C53E4F7F3FA05EE} VP:455115 A:31775855}\n      Validator{B31581E9FF571045531370E2D4895A2D6FEDECFB PubKeyEd25519{B746286A5B3BBAFD9C249BA04C5F1ED5FFF6A40FEF6AC637ECB6C11BBF67DB16} VP:444274 A:34511411}\n      Validator{57713BB7421C7FEB381B863FC87DED5E829AA961 PubKeyEd25519{390F5D3B743A77BE61660FB1006FA28D0B534C96C67B37FC3E52A6B4EB94263A} VP:434455 A:-44068485}\n      Validator{AE456A85A5C6D46FA350C3EC2DCB00D661359E20 PubKeyEd25519{41D34D1652474431ABA09541BDBED6A4F7995127AAB39B9A2D21257DF1116BBC} VP:431227 A:105919077}\n      Validator{00CCEECFD01B2D333A1B56ABF7CFF8A6B8ED25B1 PubKeyEd25519{E091B65D8FDEB70CFD7DEE2B0C201491A231A48F639A0889A8AA99431A77EF9F} VP:430696 A:-97470774}\n      Validator{7B6902E33AF689105A49D8197750C06F96781729 PubKeyEd25519{F5C6F0D4C5A9687B128A4ADCD7BEFD0BA3C1A4D86209EF9F005D0AECDD7EA32C} VP:425903 A:-45000700}\n      Validator{B4E1085F1C9EBB0EA994452CB1B8124BA89BED1A PubKeyEd25519{F8B6D7C0332EDFB8E405104B16D5DACD17C4776CAD4809089DC67F360FBA8D52} VP:403497 A:158742452}\n      Validator{13EE3F05F20C6AD8FD27CBEF33DD61D5F99ECF6F PubKeyEd25519{3F96D55ED411394625B9E9BB521096E1783F4AF1628D19529AAE9D68E34F93B3} VP:393383 A:-35348498}\n      Validator{25A9D452D35F12050ADEE6B31934BB85C2817D76 PubKeyEd25519{E86CC31A676B9897F7E23F68FD03A767BBF6BE1C2D0819A4685546D0F93BCF90} VP:387291 A:73703259}\n      Validator{44CB22521C777168D8459EDA48637EEFE0507885 PubKeyEd25519{F13069461C840E9847C3BD50D96A62600A0343B09DD538993EF321915A137879} VP:369782 A:153490462}\n      Validator{2F2E328BFF18B867E4458310B6330E3A0F081477 PubKeyEd25519{3AD9327212A868D3C89234D6D8433D01AF3415F82C8BA897F8BC72655AF281DE} VP:355044 A:-114111616}\n      Validator{BBE55ED9B2E416E2B37C13BBEE9CD6E7AE314716 PubKeyEd25519{3926B60AAC7EDD1D0A1195478C5317BD2DD9E130D75241F01F7AAC31F3114467} VP:346981 A:-101625128}\n      Validator{D5EDC934314C89B45952620E9C992B1DC9018442 PubKeyEd25519{E513596EEB52A9EB168CA974509ED5B17056CB0795C71716832F4FCC3EAA55EB} VP:336112 A:-128632171}\n      Validator{8F40A46873156271C4AF17C6C0F6494F456EC0E1 PubKeyEd25519{CBDDEBE816FE30C705EA35F5DB259128F53A0C48EE1D0B233CA4F8967F3A15AE} VP:328727 A:75247410}\n      Validator{6EA863B44BA369F739E65595770DAB92C89A9212 PubKeyEd25519{D499C1E7CE801257AC81CF795D7078E4333B8C0859A8AA6A2F16D234E15DD9C5} VP:326433 A:-39248594}\n      Validator{6BD4705021332A90B92397D8D72CA3950CB858EB PubKeyEd25519{03A2D9FDB083163EADE7207BB4E2ACA3D56BDAE11C09B8EAF07D6BB18D76349A} VP:321573 A:63161344}\n      Validator{818964B4FB36D28109C3E853778B33231B27C5FC PubKeyEd25519{F965E005CC4FDE18049BBE612A9D715BFBD148CFDAA4E970866F84EA46E09DA1} VP:318286 A:101385674}\n      Validator{2C2A5E9B9EF903164FA2BD3F140571DDF02A00CC PubKeyEd25519{83669C411DA6F6F26879932A9E897B97E258F9D1A8E048A2CF20753B0C27DC24} VP:305321 A:115207582}\n      Validator{671460930CCDC9B06C5D055E4D550EB8DAF2291E PubKeyEd25519{DA4DF8E96DF0F0D140421DB58F5841A7E32FBABF9984716E11093C0C43A537E7} VP:304919 A:-1944229}\n      Validator{78F1D7A9773FC922739E0A3705A7CA06BEA30883 PubKeyEd25519{F951B82D9FC10C1EFA6D27DE7268B531B071BE393CE6F1259F89954A659A0786} VP:302717 A:-18778618}\n      Validator{21223475CE86F3C7CD5E985AA88FC24A29C97813 PubKeyEd25519{C142130ACBEECAC895A503FD7D4CA7C377EC2115FEA8C0508C5A07C30697792F} VP:301677 A:88111557}\n      Validator{B5B32011EC0714DE2AA550E085A8B20036A10E83 PubKeyEd25519{D0FA10CEF88442B2DDFC78E5A46258566D916F72D76649A1BAE679FE96CBD7A4} VP:298005 A:-108311897}\n      Validator{9CF389DCC22F0070A641E76F483566B23B834B49 PubKeyEd25519{D2DC4599B97858728818E15F48B34B11CEA41D9229C79F1535186153E7CDA27F} VP:290680 A:-99441940}\n      Validator{734D445D854593CEFB8EF0C443E9238F07E777AA PubKeyEd25519{B35D63F0BEDDC67496251F29880F27717F0D421353EF30DF062A61BE22F19569} VP:289852 A:-123565352}\n      Validator{12C2AA0DE66FA3F9D664D03D5D6F6D8216B6DA81 PubKeyEd25519{FF729639D9CF842707BD0C9D877CF80E0F1C50387378A0AE808BFE14D43D012C} VP:270220 A:-122238135}\n      Validator{E31533B82AC67AA1788B70BD7E985BEF8E1252A1 PubKeyEd25519{093A8F24021D333F05DFAD137000C08A2F7FB44788E02BD32B825F043E83C172} VP:261715 A:138408670}\n      Validator{D14A542E8756C3A942D9FD8873DC2E9A7798A17F PubKeyEd25519{66F77E20B7C6F6AD633E765F38E61D64EB8D2D384B74244F92F455F87AD7902B} VP:253971 A:74958849}\n      Validator{CC05882978FC5FDD6A7721687E14C0299AE004B8 PubKeyEd25519{7D48F6AC9F265AA49DA3C157E3B7615A78BEFBFA3139276E081832983E060A25} VP:248852 A:36708598}\n      Validator{B236B2A23AD716A9D8D856A0CBA762F323515C5F PubKeyEd25519{C948FF54E4511C6D5D17F4FC998479E7CC80369DBAE4C5614707294E5F085AF0} VP:227391 A:85256100}\n      Validator{46759662382FCB47C7A7BF025583A415A05143E8 PubKeyEd25519{1424DC954326C9E5B4FD98B7BE13B96FDF8EF472950A9B387DA1C38F95F1E0BA} VP:222935 A:-78340948}\n      Validator{88A65045F5EE502560826DA07F739BA9EBA8470C PubKeyEd25519{C1286BBC8B900BE1AC51800CDC6663FDD3280EA2AD1972A5E97436C900A4039B} VP:219185 A:91893354}\n      Validator{407F144D1C9DEA4EE6A8CBC2D4C022A657506B83 PubKeyEd25519{70E813C9FED6D246CFCEC5802F54FF1BE54789C882573485881686278ECC601C} VP:208123 A:119651466}\n      Validator{51205659A717DFFB96E054F8BD1108730E17AEA7 PubKeyEd25519{5C95C1F595415D9346F6E50E7EF1E6AC3981E0BF0D895D0834E1DD5DB1B43D60} VP:192358 A:38960598}\n      Validator{477367218C9F92C3AD99B5D734A346CF7E8A3287 PubKeyEd25519{D4093940B927C250D17716E454B20C8B4114ABD0A32C7B912EED991ED037BFBA} VP:191658 A:104392207}\n      Validator{6A51554E8C0CF3165A01C675A98A2C38B6EB512C PubKeyEd25519{331C22313C4138C80925C35C9F689E3E8CCB96F0B7AC407F94826255BBB46AD0} VP:191030 A:-2940392}\n      Validator{6E2234F881817A7DB997D59400518591F692A14C PubKeyEd25519{11BA56FAFB35D725655ED3049C906D1FE0A084FC9471555BCDB4D34A6842E0CF} VP:186273 A:68816321}\n      Validator{08065D40B9D4AD5126ACF0BAC8033094835720FD PubKeyEd25519{42B94BC4020F8C127D4A4CB61559CB35E93F2E1FE59CC5ADFA56A36DFE604EFC} VP:181542 A:-135968854}\n      Validator{6A4D14A7AC9B4F7C7F28DC9046E5029D1BF09F41 PubKeyEd25519{070498878221132D24C10CAA5B4363DF9002B80B2EC1D5BD9571E41623C923D4} VP:176457 A:106657175}\n      Validator{58D29D3BCCEDEEE4B78F560584D7592CFF0947C9 PubKeyEd25519{C87B1F5ED808AFC0EB6FAFA97046B5E354127659248BA03236B2E6C82C0EF020} VP:175698 A:62555702}\n      Validator{DE851B826935C57C6193664CDF6D9E79A428654B PubKeyEd25519{A9096AA0E687A7934B49128D37CD553F803E5F70DE5D7DC2640A73339D005C14} VP:174736 A:-31016743}\n      Validator{9C15C2E717D3DD96AF0924D234405AE98B12BE7F PubKeyEd25519{E5137029441663AEAC1CBA435931F83AE744EEDA9EF0759B23D9C6373887475B} VP:173876 A:107337278}\n      Validator{91C823A744DE50F91C17A46B624EDF8F7150A7DD PubKeyEd25519{FD54BF6E0B9E5C1A0D0ECAF3C71697EB84482FFFF6C076FD559D0977AEFE02A4} VP:171255 A:97281414}\n      Validator{B2336DC86A74A6F8552D7F686AC0983EF4E0B0CE PubKeyEd25519{79F39A8B98F3724F82E3A66DF2BB94703D70D84EF09C39CBF6ED804EC38320F8} VP:167995 A:-52653749}\n      Validator{A7D9E6DB8CA5E46A61AC36235D4C8185F7BF11A4 PubKeyEd25519{524B79301F13190B6149BCCC5948B0035F80C303A8C571A4D0800797AAB36550} VP:163332 A:-118699593}\n      Validator{0939CD5EE88F6E4101175096450BB25D2DFAACE8 PubKeyEd25519{B3667B518B8D9778D2BCCDB4AA545C655E33F1F0C281F445579A7100FA0C197F} VP:162818 A:138520053}\n      Validator{04B42DA59A4347D938536518E2238208CAA5E4B3 PubKeyEd25519{9C5248AFA673D8D375401CE3FE2FF3C0431D46F561E16F1597A3E2F97F12CFC1} VP:160755 A:-40211514}\n      Validator{1AEA8AD7C2BB352C01CDFD6BE21CE8E3B6FCE593 PubKeyEd25519{0DD6630F18265B307A72A9353A346388A27B740194B75F317A1E10A2B87DDF4B} VP:158640 A:-112105066}\n      Validator{6C4EC11EB897B964A706FD02AA83977BB3FE0952 PubKeyEd25519{827D39021FAB9C53A580C2F0609466BC7C8C273B300CDA1039EA63CD3847E2F7} VP:156688 A:167030678}\n      Validator{009037C2C75632F3BF9E39A11C0E81EACB262D9E PubKeyEd25519{A3EA8F149EBACDA82CA6D3961AC4A9AFBBE235DC3A6A71857B6320F2A3B7CA1B} VP:156397 A:-133518507}\n      Validator{1639E3486FD75E5447FFD26232A80F1ACE76CD8A PubKeyEd25519{235A42621B1141AB23BC5345BFE447E764FF1EFFEC6CA1F9DD104EA785A9FF5E} VP:156003 A:99524913}\n      Validator{696ABC95186FD65A07050C28AB00C9358A315030 PubKeyEd25519{1A084918397F259499D3B07601176FBC9F123CAB688BF761F0F6D84AE8B7E7D2} VP:154410 A:67318141}\n      Validator{C2DDD9700CF5DEC0457DC423829B31EA8FD4F9D4 PubKeyEd25519{11E2DDCD75469CF76A041A6B18EDC1B1F42CC8D306B318E8CB334E14164B3590} VP:143710 A:38001985}\n      Validator{48FD560D3CB0B552924CBC0F9C2BA68883FA1135 PubKeyEd25519{C1731522854CA43F2F3D2FD4D7EE829BE8E9A0C4A8C86A6B418C8C9D5B4D6967} VP:136746 A:-24438072}\n      Validator{3A66B4B5C4329A14D451955D403BB763DACD87CA PubKeyEd25519{69703825119B20A00C811BDAC37A4FFB828B66CA876C9CFAC9A771DA0BFDD940} VP:134117 A:-45004268}\n      Validator{39EAD95102132963B257E366FC98521E74DFC690 PubKeyEd25519{C13A717CAD6A4437AF264356476D30F86437F8E57D84048624324324D1869119} VP:119926 A:-37906588}\n      Validator{B0765A2F6FCC11D8AC46275FAC06DD35F54217C1 PubKeyEd25519{8A74E9C2DAB681CD20F3A33E4A8BDD93BC02C5EEBC406D0AC6BD973BD4BFABED} VP:119818 A:25417003}\n      Validator{2B9A55D3BF93D7375DD207B75C5ED4D2B91D9146 PubKeyEd25519{83F2BF58293A91F83A922CA610E6C30F7D6FE903D1ADAF096041493DDD123AAD} VP:115569 A:100251356}\n      Validator{F2339A116583BF9E237A94F208A3892F99EE8FBF PubKeyEd25519{7E1A747A5AB2FD8D9A170047A23EDC690F770BF3B63B3751AEEDBC4CEB5BB259} VP:106481 A:148242384}\n      Validator{ABF56B06881572FD0E8CF3DDFC29D8790CF86DE0 PubKeyEd25519{90EC36E0CF30035574211A452F0300B7657D9971706FB5C36D99ABC44AD20470} VP:103098 A:-143392818}\n      Validator{808D6B054A0B6D3FF5F5EAF0A65CFC64C543F833 PubKeyEd25519{E3CE9F2F98C9EC73AD1975DD91E8B64B2D4E8A389D3E28B0E1BFCE8670B3370E} VP:101940 A:4571470}\n      Validator{7420B73F10289ACA18ACCD1CB5AB54882C04D2D5 PubKeyEd25519{9EECC9F7B70E53D5BA7A842D9C39E824D1BB927653534752720FF75EEC2CD1C4} VP:89059 A:-61380480}\n      Validator{B4CC03F2ACA22C43DE1ED385A104BA86B7462792 PubKeyEd25519{B20627CEB3FDF0960742B12227160730B447C9441C074E47713B4EFD78DB91F7} VP:81758 A:9077712}\n      Validator{9DF8E338C85E879BC84B0AAA28A08B431BD5B548 PubKeyEd25519{4E3CC9851F847B37B941669E1E55838BC2A6981FDDF7F1B58FDC4E48AD1A3959} VP:76125 A:-78193997}\n      Validator{846BE4F39E3122D2A2D3FE5454E2561073E95538 PubKeyEd25519{5BD2131B89E72FD62417389110CA737358C138B7E676236685B064BA662608EF} VP:76108 A:147281039}\n      Validator{3363E8F97B02ECC00289E72173D827543047ACDA PubKeyEd25519{98F9EEF75D2138E6B5B4043BA5B38B143C6F9656D0526ADBB468EA42B620D673} VP:62851 A:-110854746}\n      Validator{B0155252D73B7EEB74D2A8CC814397E66970A839 PubKeyEd25519{C37ACA13EB50A0B2BC1BE5CF9A39FE36CCC2934EE2434B166816CDE614197016} VP:62376 A:-25495287}\n      Validator{F2AC99C1CC0947F42AE2938BFC2EAD5EF5963027 PubKeyEd25519{F0CCAB8F48211984BFD1B460BA0ADE0FDF84A4BF881A01C7E6160318531F0163} VP:57175 A:-139058580}\n      Validator{000001E443FD237E4B616E2FA69DF4EE3D49A94F PubKeyEd25519{F6D2BD213F853DD7F6AA6FB9736A9AC62D74B163FEDDEAD64CA81FB67D8F6903} VP:52425 A:-32737043}\n      Validator{AFE27475A1AF01E4B17C709DCF99F369B35D9292 PubKeyEd25519{69B891F2F7F1836358243DD18ECEAAD1842EBC22192834486B3A20369878773C} VP:48785 A:-28679023}\n      Validator{A0B51E103A890E58DEA409772BBF0B1108BE20F1 PubKeyEd25519{6C7161FE23B2B38B344833860AEBE17B6EF3108C0492FD8142C34ACF78AE6B50} VP:48050 A:52652377}\n      Validator{8FE3CFFA6A07B093E441BB84DA1B6DABF53AFA2D PubKeyEd25519{C1E1F481B0161A7A38427679D9B1F9DD6F54371475AF1CAF59F2CE22C44AAF1F} VP:45684 A:122681289}\n      Validator{84B3D8922BA2F24A39477EC14957991BE1AE7765 PubKeyEd25519{2DDCD2A2351258B929D6F7E81070013A68AA57FEDB686EFBBEA9DA4C9A70BC93} VP:40204 A:-69455768}\n      Validator{EBED694E6CE1224FB1E8A2DD8EE63A38568B1E2B PubKeyEd25519{CFF0E0F5653FAE5201F8B69054C3075BF6BBAEF6A57C8732CF755D3B07EF82E7} VP:39826 A:4170277}\n      Validator{16BA55A7F83BC8E165690FED6D10957B1A51F792 PubKeyEd25519{1789FB0B4EE870EED2D144FCCBEB296BC16F600E0A866BD3E97FFDFBB217AECE} VP:37332 A:-97696499}\n      Validator{42D6705E716616B4A5442BDAA050B7C6E9FDDE43 PubKeyEd25519{2BB3C531E2E9D2DC30CF744302F956A33D0DEAF4EC0A0E8A78AC7CC70526E47C} VP:36363 A:-125654412}\n      Validator{B441A6DCF90192E939A65617EEEAD383FD922C5F PubKeyEd25519{DFDE490B1D3CF226911EE99F23324268E8530819FD7938BD97EC6629FA7F67DF} VP:34806 A:-81971344}\n      Validator{75CF712C0B8BBBE179FB3C1E647797110C56DC88 PubKeyEd25519{8C9F0535A037392B8A554289193A45539A3733ECCCC671E58CF667ADDE9440A7} VP:34370 A:89209927}\n      Validator{C52ACDB32057F5C731BBDD48460B93C3500DD324 PubKeyEd25519{96025C8A2D16D906A70E55E96FFF60649009DD7F65FADA80AE160098D509D65C} VP:28410 A:-68859822}\n      Validator{87A281DAB244C963A994E8A9CBA40062267DB005 PubKeyEd25519{028D4C5FFA8A4B717F4AA77333A9E5573C24285986573551BE0EE30AA7AE861F} VP:24975 A:-72095171}\n      Validator{5D51DFD43706010023C4506ED64C56B3396AC2A3 PubKeyEd25519{861E8A033F3289E97C28F53F2E2F6CFB48D9D4116B201F55B7B554827AB143F5} VP:24086 A:80401384}\n      Validator{C12AB171752F3CC4FA3E20E560058D1B55D745F2 PubKeyEd25519{152CCF27F867888AD43925B1BF0BE08D09418056795334E0DA162942F76D1970} VP:22500 A:149646283}\n      Validator{B543A7DF48780AEFEF593A003CD060B593C4E6B5 PubKeyEd25519{2A33EE0069094166F4226A8AB92DC30056ADECBBC8566896844191BABD6DC1C9} VP:17790 A:-44403872}\n      Validator{559681BC50D15F328CE244BC027B636B16BA94E1 PubKeyEd25519{DB47518D502B42D4F7A4A63BCB48D479DEC00C0F1CF3B1888C34F34E51D2C5FB} VP:15556 A:-3072384}\n      Validator{2D74FE5F939C61DB05F8EA577DD43293B7E404E8 PubKeyEd25519{A4B918543A7B42936D9223E0E2484444DD4548742F805D899C331A30C5BC68E4} VP:11845 A:111395671}\n      Validator{24016294C4FFAB82130C3CA3FE8729C162753DAC PubKeyEd25519{DCCD48507060D670779D42712E519C44FB0F9200BA69C1C7C8DE14730E4848C5} VP:11722 A:95187188}\n      Validator{BAC33F340F3497751F124868F049EC2E8930AC2F PubKeyEd25519{F4A03B7CA9402CF74A3DBED23385069699DB494E14F54D40E1CDEEF15D8A753B} VP:11239 A:9234782}\n      Validator{187E3364C6B361F4449351E6FCE7CDEC97B4226D PubKeyEd25519{DC2531CE186098BB086EB26315FB46929AAD62D348A1ADF6824B345FA598B12E} VP:11198 A:-125939646}\n      Validator{398910053D8A64FBF65B2A63C905C8C0DBE41DB9 PubKeyEd25519{E7D0B071AEA4276E66B55F2D6367110BB2C0C8244399823664D75201B5E8F06A} VP:8454 A:24037231}\n      Validator{9A5B262C83085191BAA1B453EC16E47D735472ED PubKeyEd25519{91262CC03CF93D6BC022EA6C1BCB3FAD5F1B8B52A1CEBC3C0F26EB729174C17A} VP:8056 A:65574520}\n      Validator{65E7B639FFAD580F828160FC6C58CA7EF4F55B30 PubKeyEd25519{83281F815307CBF83B91B15D58B6010E254009B3D9B00D4F3430F15B4666A0B0} VP:5174 A:-101778112}\n      Validator{4289F79D6DB33096BADC366981B663BA3CB3F85B PubKeyEd25519{0C8239103000F0381D4DC33425FC9C6F4D83205F454CBBCE709B2BBB16CB7667} VP:5102 A:-84817744}\n      Validator{E6ABAEF084896D15BE3E4D4B97A72F866C5581E6 PubKeyEd25519{F918F836EC0E9480E0987675AC57A61827900DF5C7A0918757D8B4E23ECD58BA} VP:4375 A:-111527318}\n      Validator{36AEEA8E76957A82FA5668AB01FCC2B0FCED0664 PubKeyEd25519{9172F156846D1C23BA95FD15205F852A0EF3AA57A46F013476AA5227FB6FF13E} VP:4051 A:-141341494}\n      Validator{55316C9AB3AE9FC6C4547BA5FC1441FF3D565BBF PubKeyEd25519{BD6B8E85C639CB9E4442BBAD7A700E65F312C8924A18516756C2E945AFAA7FF2} VP:2758 A:-144348175}\n      Validator{E507FF4DAA45245352EBBCD14F3822184EDB7666 PubKeyEd25519{4D0F43C7EF4D72958BF2408EAF8CF1694CD8C4A81DFD17B8837161DB8CB89614} VP:2308 A:123394045}\n      Validator{000AA5ABF590A815EBCBDAE070AFF50BE571EB8B PubKeyEd25519{C963D821F49FE728BF325073119C76C8C84E27F75A5D1C7C120DCD3ACA3C57B7} VP:2228 A:32189935}\n      Validator{B2D16E5FD0EE6B75F54CD3A5AEDD8AE5E22A7E6D PubKeyEd25519{2729949F63ACA61C32D09C11F9EA6C0DAA07C9FCCD8FC0BDA4949FE3493CBADA} VP:2155 A:-85466175}\n      Validator{33734B71FDF3C13CCCF08A70B99028AA24A7E827 PubKeyEd25519{9F21B94BBD7D461B903BDFDFD191EB960C9286FAC1443FCA31C583570750EA49} VP:2051 A:-325811345}\n      Validator{FB6D209DDFEC949533ECD5360A8F05F0DB58159E PubKeyEd25519{62D8F3249ACFC0EFD19FF43436CC95EAFA0A3DFCEA6E9AF405DEE2800A4AA86E} VP:1858 A:50461562}\n      Validator{C20E89852803F0C74D00C72B67C92CB98BCCEF06 PubKeyEd25519{BBAA15B33772C7458C5236D081898A6735536D8C3D7E1B2599209666251AF08E} VP:1315 A:30630718}\n      Validator{8004A0E2440CA60ABB0865098954C75EA66587E2 PubKeyEd25519{73901BF860DA2C38E7C0D4050B5305FC5C609C2768986854AC1224B65593F161} VP:970 A:-14165029}\n      Validator{A75996D69B081699610ABEBCD52D184BE110B92E PubKeyEd25519{3CC1DA5436F1EE804E485F29D1E060318E66BD92D9D441EBA1E6E1CBD192C68B} VP:597 A:-104960807}\n      Validator{89C84ECC281F5EA06E79F30570F1FC293CE0DFB3 PubKeyEd25519{24DC42D5433DAB625F034427870AC26193529DAB297B85330E9EC2ED1DA15044} VP:568 A:-261351537}\n      Validator{B927FDA7B083D43523B803A70E767A31B8B1A6E2 PubKeyEd25519{3B5E89AA1D0624EF917999CFF1BAF16F77F197DF3C265B3D921F6F2CF8C7EAAB} VP:503 A:-315687237}\n      Validator{946F104229D7EDAD4BBC45155D2CA0FCDCE44DF7 PubKeyEd25519{67C5B3FB4225C58E28A473D95A28402DCFB95FC150C70F4C6DC36ABAC631A8B7} VP:245 A:-339536785}\n  }\n}"
[bootstrap] I[2026-05-04|16:22:53.849] Header has already been verified             module=light height=30960000 hash=DD8273ABD5271CA9F602366B69E308794A9F28FEAD83063B0CF3B9AB2AC1F143
[bootstrap] I[2026-05-04|16:22:54.288] VerifyHeader                                 module=light height=30960001 hash=7B69B608FD7073AF6CE6CC047E9A3F7B743A93A22F68EC8D153F34FD1008795D
[bootstrap] D[2026-05-04|16:22:54.288] Verify non-adjacent newHeader against verifiedBlock module=light trustedHeight=30960000 trustedHash=DD8273ABD5271CA9F602366B69E308794A9F28FEAD83063B0CF3B9AB2AC1F143 newHeight=30960001 newHash=7B69B608FD7073AF6CE6CC047E9A3F7B743A93A22F68EC8D153F34FD1008795D
[bootstrap] D[2026-05-04|16:22:54.289] Running detector against trace               module=light finalizeBlockHeight=30960001 endBlockHash=0xc0e840 length=2
[bootstrap] I[2026-05-04|16:22:54.543] witness returned an error during header comparison, removing... module=light witness=http{https://cosmoshub.rpc.stakin-nodes.com} err="Witness 0 returned error: error in json rpc client, with http response metadata: (Status: 429 Too Many Requests, Protocol HTTP/1.1). error unmarshalling: invalid character '<' looking for beginning of value"
[bootstrap] D[2026-05-04|16:22:54.989] Matching header received by witness          module=light height=30960001 witness=2
[bootstrap] D[2026-05-04|16:22:55.007] Matching header received by witness          module=light height=30960001 witness=1
[bootstrap] D[2026-05-04|16:22:55.008] updating trusted light block                 module=light light_block="LightBlock{\n  SignedHeader{\n    Header{\n      Version:        {11 0}\n      ChainID:        cosmoshub-4\n      Height:         30960001\n      Time:           2026-05-04 13:56:48.411519897 +0000 UTC\n      LastBlockID:    DD8273ABD5271CA9F602366B69E308794A9F28FEAD83063B0CF3B9AB2AC1F143:1:A1093F670166\n      LastCommit:     06A46D241B11A4604A31E02628136FEA01C405123AD70B82BFD43689950A464C\n      Data:           36859543EB4C9715C4B3F1E937165E925226D51B80D592FD697BE8BBB4C5D9E1\n      Validators:     1CB2DC005D0567339DED33B9F0AFE5742092BBA868C7A6C71AD173999FA598EE\n      NextValidators: 1CB2DC005D0567339DED33B9F0AFE5742092BBA868C7A6C71AD173999FA598EE\n      App:            6A9488F0163AD371CABE3BAA12C7C935F3A90E8717F5C8147497A55B4D10DFE3\n      Consensus:      20CA5E3F42E07A0CDB7BD986EFF1947A23FC27FF47204303E082BC44BB348E0B\n      Results:        E3B0C44298FC1C149AFBF4C8996FB92427AE41E4649B934CA495991B7852B855\n      Evidence:       E3B0C44298FC1C149AFBF4C8996FB92427AE41E4649B934CA495991B7852B855\n      Proposer:       56B2F053AD136642D3FC9098FB2DD01454F396D5\n    }#7B69B608FD7073AF6CE6CC047E9A3F7B743A93A22F68EC8D153F34FD1008795D\n    Commit{\n      Height:     30960001\n      Round:      0\n      BlockID:    7B69B608FD7073AF6CE6CC047E9A3F7B743A93A22F68EC8D153F34FD1008795D:1:9DDD87B5303B\n      Signatures:\n        CommitSig{7EB87F49FEEA by 56B2F053AD13 on 2 @ 2026-05-04T13:56:54.192892409Z}\n        CommitSig{EDFD0C36EE37 by FB4FB25A61B4 on 2 @ 2026-05-04T13:56:54.299824454Z}\n        CommitSig{0E6555DD46C0 by 099E2B095833 on 2 @ 2026-05-04T13:56:54.168476927Z}\n        CommitSig{756B1F73C836 by 638C11545DF2 on 2 @ 2026-05-04T13:56:54.204385688Z}\n        CommitSig{FAA133A87C37 by 7B3A2EFE5B3F on 2 @ 2026-05-04T13:56:54.20392226Z}\n        CommitSig{157061B2F8E7 by 1CED30733D16 on 2 @ 2026-05-04T13:56:54.18619098Z}\n        CommitSig{CD9289B62537 by 3B845C9AF1D6 on 2 @ 2026-05-04T13:56:54.144685881Z}\n        CommitSig{69DFC840D45E by 2199EAE894CA on 2 @ 2026-05-04T13:56:54.169758465Z}\n        CommitSig{E2360A4F7EC0 by 9CF8AE1FD507 on 2 @ 2026-05-04T13:56:54.163612444Z}\n        CommitSig{14EA0C962AD0 by 6CB47D786B2F on 2 @ 2026-05-04T13:56:54.155234273Z}\n        CommitSig{2A15985B23D4 by 25445D0EB353 on 2 @ 2026-05-04T13:56:54.202097203Z}\n        CommitSig{AF0E6FAF6952 by D2D458F9209E on 2 @ 2026-05-04T13:56:54.236074647Z}\n        CommitSig{D556C52C0A83 by D9F8A41B782A on 2 @ 2026-05-04T13:56:54.200174Z}\n        CommitSig{C8655C049F49 by 31920F9BC3A3 on 2 @ 2026-05-04T13:56:54.128573984Z}\n        CommitSig{878B0E7EC0BE by 15F4811CAD32 on 2 @ 2026-05-04T13:56:48.412519897Z}\n        CommitSig{0FAE0BFEC3A1 by AC2D56057CD8 on 2 @ 2026-05-04T13:56:54.180322184Z}\n        CommitSig{749243326D13 by DA6AAAA959C9 on 2 @ 2026-05-04T13:56:54.145614396Z}\n        CommitSig{4D6EF6E98FF6 by 019B9CA2944D on 2 @ 2026-05-04T13:56:54.168484495Z}\n        CommitSig{000000000000 by 000000000000 on 1 @ 0001-01-01T00:00:00Z}\n        CommitSig{1C7B0500585B by 51DB2566204E on 2 @ 2026-05-04T13:56:54.221245563Z}\n        CommitSig{A26D4DE9A7AA by 60AAACB82FAB on 2 @ 2026-05-04T13:56:54.164552644Z}\n        CommitSig{5ECCCF06AC2C by F59734A896A7 on 2 @ 2026-05-04T13:56:54.641736312Z}\n        CommitSig{02B35BAF524B by 679B89785973 on 2 @ 2026-05-04T13:56:54.18477476Z}\n        CommitSig{84A8FCD98454 by 8E0EE37B7B1A on 2 @ 2026-05-04T13:56:54.307688122Z}\n        CommitSig{D705402C375F by 0B42E47F154E on 2 @ 2026-05-04T13:56:54.21753365Z}\n        CommitSig{6B26D4F51A65 by 5A59DC8746FD on 2 @ 2026-05-04T13:56:54.195308321Z}\n        CommitSig{EB4FE8D79F77 by CC87F56B5862 on 2 @ 2026-05-04T13:56:54.166424961Z}\n        CommitSig{B489F3341413 by 83F47D7747B0 on 2 @ 2026-05-04T13:56:54.156018995Z}\n        CommitSig{8607AC1979C9 by 81965FE8A15F on 2 @ 2026-05-04T13:56:54.181640887Z}\n        CommitSig{4C50C35DAA81 by D269A81C7741 on 2 @ 2026-05-04T13:56:54.167098122Z}\n        CommitSig{138FE7624E38 by 75DAB316F4CA on 2 @ 2026-05-04T13:56:54.402751442Z}\n        CommitSig{1B33D350EA83 by 8F168F8AA2B8 on 2 @ 2026-05-04T13:56:54.208829374Z}\n        CommitSig{70CC7AA84B03 by B9ECE1D7B4DD on 2 @ 2026-05-04T13:56:54.191113984Z}\n        CommitSig{86ACA3E0D34D by E070FA4F050B on 2 @ 2026-05-04T13:56:54.162339786Z}\n        CommitSig{F1DD166CF967 by B442035488D7 on 2 @ 2026-05-04T13:56:54.145732923Z}\n        CommitSig{D6DA5F6AE788 by DF9283DA25B2 on 2 @ 2026-05-04T13:56:54.150271251Z}\n        CommitSig{11D48770F479 by 95E060D07713 on 2 @ 2026-05-04T13:56:48.412519897Z}\n        CommitSig{AA1684E362BC by 4EB1282675F7 on 2 @ 2026-05-04T13:56:54.193398626Z}\n        CommitSig{01E9A133DBC4 by C2356622B495 on 2 @ 2026-05-04T13:56:54.184760954Z}\n        CommitSig{05A7AF3E3FCB by 3DC4DD610817 on 2 @ 2026-05-04T13:56:54.184444393Z}\n        CommitSig{43F0884A86A5 by 59AC672068F7 on 2 @ 2026-05-04T13:56:54.220507684Z}\n        CommitSig{000000000000 by 000000000000 on 1 @ 0001-01-01T00:00:00Z}\n        CommitSig{001AC786A7FA by C5327D64CDF4 on 2 @ 2026-05-04T13:56:54.157716997Z}\n        CommitSig{F76B6F4C72A1 by 978B1D128C6B on 2 @ 2026-05-04T13:56:54.21711257Z}\n        CommitSig{01F95C7CA688 by 41CFCA6F171D on 2 @ 2026-05-04T13:56:54.207245306Z}\n        CommitSig{C666C0584D35 by 0ABBA36C54DD on 2 @ 2026-05-04T13:56:54.199351433Z}\n        CommitSig{6814C7B85341 by 85530E727F95 on 2 @ 2026-05-04T13:56:54.215887629Z}\n        CommitSig{ED980FFAC57D by 37C8A99DC152 on 2 @ 2026-05-04T13:56:54.310671077Z}\n        CommitSig{5972CCBF8BC0 by BDB046259EB7 on 2 @ 2026-05-04T13:56:54.190162386Z}\n        CommitSig{65AFC8F58B7D by 3B49CA97C496 on 2 @ 2026-05-04T13:56:54.122093913Z}\n        CommitSig{87106D54E14D by B399CADBBD1F on 2 @ 2026-05-04T13:56:54.191772712Z}\n        CommitSig{22143F26DADA by F18693704059 on 2 @ 2026-05-04T13:56:54.174464861Z}\n        CommitSig{5D75D32B49E6 by F6FD6365ACC5 on 2 @ 2026-05-04T13:56:54.219679639Z}\n        CommitSig{C6D3745AD9C1 by 495BA7E759C0 on 2 @ 2026-05-04T13:56:54.178419574Z}\n        CommitSig{5853562C55D8 by 2F7E323B49CB on 2 @ 2026-05-04T13:56:54.186328247Z}\n        CommitSig{85C90A8EE4F4 by BB76BC6322C7 on 2 @ 2026-05-04T13:56:54.177342774Z}\n        CommitSig{DB75801CAF02 by BB5DD48E6621 on 2 @ 2026-05-04T13:56:54.176258943Z}\n        CommitSig{141B64D9B5EC by 59C270B760D4 on 2 @ 2026-05-04T13:56:54.130289429Z}\n        CommitSig{418C8350217B by AA355DECB1BC on 2 @ 2026-05-04T13:56:54.259969513Z}\n        CommitSig{F680D2F100C6 by AC50DFF7B28D on 2 @ 2026-05-04T13:56:54.214589398Z}\n        CommitSig{D27790C976BA by 46A3F8B8393B on 2 @ 2026-05-04T13:56:54.201319192Z}\n        CommitSig{6220119CBA5A by 592F17BB8CF3 on 2 @ 2026-05-04T13:56:54.192772729Z}\n        CommitSig{CFF330E2DC5F by C4F6210CB772 on 2 @ 2026-05-04T13:56:54.138788463Z}\n        CommitSig{4E295D6DC444 by D0ACC7204D71 on 2 @ 2026-05-04T13:56:54.250197843Z}\n        CommitSig{371AF96B2363 by C05AA296EAFD on 2 @ 2026-05-04T13:56:54.140270519Z}\n        CommitSig{833D39201CC1 by 2DF871BCA673 on 2 @ 2026-05-04T13:56:54.290911831Z}\n        CommitSig{AC25191DF4D2 by 7B3D01F754DF on 2 @ 2026-05-04T13:56:54.173117292Z}\n        CommitSig{C305693DC797 by D68EEC0D2E82 on 2 @ 2026-05-04T13:56:54.201297602Z}\n        CommitSig{BC4B7D2E9A9E by B2BF68AD4CED on 2 @ 2026-05-04T13:56:54.412673605Z}\n        CommitSig{F4AF8C7E3989 by 9AD0AA18A92A on 2 @ 2026-05-04T13:56:54.199204382Z}\n        CommitSig{2C1C31E58E71 by 9713818DA540 on 2 @ 2026-05-04T13:56:54.132240301Z}\n        CommitSig{3E0480EA66A4 by 782238ADDDAB on 2 @ 2026-05-04T13:56:54.164636555Z}\n        CommitSig{899E591D6865 by 52E164613443 on 2 @ 2026-05-04T13:56:54.14200261Z}\n        CommitSig{98A8F23EC9B7 by 68F5BBEACEF1 on 2 @ 2026-05-04T13:56:54.416452862Z}\n        CommitSig{0B939909890F by 672B3ABDEA63 on 2 @ 2026-05-04T13:56:54.183873238Z}\n        CommitSig{9F22ABE81ED1 by 108E47FC1B85 on 2 @ 2026-05-04T13:56:54.208929436Z}\n        CommitSig{63205933BBB1 by B31581E9FF57 on 2 @ 2026-05-04T13:56:54.25069497Z}\n        CommitSig{7A64CEB6F079 by 57713BB7421C on 2 @ 2026-05-04T13:56:54.156249598Z}\n        CommitSig{00A54B786B43 by AE456A85A5C6 on 2 @ 2026-05-04T13:56:54.12094035Z}\n        CommitSig{4696388AA0D3 by 00CCEECFD01B on 2 @ 2026-05-04T13:56:54.363922303Z}\n        CommitSig{2A33D6CE6F1B by 7B6902E33AF6 on 2 @ 2026-05-04T13:56:54.21233203Z}\n        CommitSig{551CFF07CCF6 by B4E1085F1C9E on 2 @ 2026-05-04T13:56:54.199204307Z}\n        CommitSig{3B5BAF428257 by 13EE3F05F20C on 2 @ 2026-05-04T13:56:54.218630122Z}\n        CommitSig{1444901F7CF9 by 25A9D452D35F on 2 @ 2026-05-04T13:56:54.19230537Z}\n        CommitSig{849B95C62F65 by 44CB22521C77 on 2 @ 2026-05-04T13:56:54.220254112Z}\n        CommitSig{4A752DF919CA by 2F2E328BFF18 on 2 @ 2026-05-04T13:56:54.250125372Z}\n        CommitSig{1D65C886A8FD by BBE55ED9B2E4 on 2 @ 2026-05-04T13:56:54.156194375Z}\n        CommitSig{61FCE9C1A444 by D5EDC934314C on 2 @ 2026-05-04T13:56:54.156925805Z}\n        CommitSig{427A42AA48EF by 8F40A4687315 on 2 @ 2026-05-04T13:56:54.190779474Z}\n        CommitSig{C8543A0673B1 by 6EA863B44BA3 on 2 @ 2026-05-04T13:56:54.334099889Z}\n        CommitSig{53C2AD8D4AB0 by 6BD470502133 on 2 @ 2026-05-04T13:56:54.223737267Z}\n        CommitSig{C4E1F0E7D374 by 818964B4FB36 on 2 @ 2026-05-04T13:56:54.267289756Z}\n        CommitSig{A5B5494CE950 by 2C2A5E9B9EF9 on 2 @ 2026-05-04T13:56:54.201983507Z}\n        CommitSig{C57D6EC88D92 by 671460930CCD on 2 @ 2026-05-04T13:56:54.342773882Z}\n        CommitSig{C43E99C64EB2 by 78F1D7A9773F on 2 @ 2026-05-04T13:56:54.181032185Z}\n        CommitSig{2432B1C69321 by 21223475CE86 on 2 @ 2026-05-04T13:56:54.253509029Z}\n        CommitSig{90EEE21734C1 by B5B32011EC07 on 2 @ 2026-05-04T13:56:54.220815613Z}\n        CommitSig{4CCA131AF4B2 by 9CF389DCC22F on 2 @ 2026-05-04T13:56:54.188707172Z}\n        CommitSig{335162A15D83 by 734D445D8545 on 2 @ 2026-05-04T13:56:54.273921144Z}\n        CommitSig{013D62623155 by 12C2AA0DE66F on 2 @ 2026-05-04T13:56:54.204133709Z}\n        CommitSig{0C8B24CDE722 by E31533B82AC6 on 2 @ 2026-05-04T13:56:54.219032529Z}\n        CommitSig{AF62DACB1CFF by D14A542E8756 on 2 @ 2026-05-04T13:56:54.127851131Z}\n        CommitSig{5AC5A677F82C by CC05882978FC on 2 @ 2026-05-04T13:56:54.155906451Z}\n        CommitSig{C28DECC63921 by B236B2A23AD7 on 2 @ 2026-05-04T13:56:54.169893324Z}\n        CommitSig{B6A9AECAE7AD by 46759662382F on 2 @ 2026-05-04T13:56:54.222922029Z}\n        CommitSig{02C547BEBBCB by 88A65045F5EE on 2 @ 2026-05-04T13:56:54.18673328Z}\n        CommitSig{7DE4220A880D by 407F144D1C9D on 2 @ 2026-05-04T13:56:54.193836855Z}\n        CommitSig{BCFAED81E69D by 51205659A717 on 2 @ 2026-05-04T13:56:54.216240306Z}\n        CommitSig{7D5E512B4C1A by 477367218C9F on 2 @ 2026-05-04T13:56:54.15518797Z}\n        CommitSig{9017F0D08F72 by 6A51554E8C0C on 2 @ 2026-05-04T13:56:54.208347105Z}\n        CommitSig{9B2653D1443B by 6E2234F88181 on 2 @ 2026-05-04T13:56:54.160433478Z}\n        CommitSig{72D9CF1D88F4 by 08065D40B9D4 on 2 @ 2026-05-04T13:56:54.216169811Z}\n        CommitSig{721CBD540EA9 by 6A4D14A7AC9B on 2 @ 2026-05-04T13:56:54.157346089Z}\n        CommitSig{CB08C73011E1 by 58D29D3BCCED on 2 @ 2026-05-04T13:56:54.141846299Z}\n        CommitSig{9942C83D041D by DE851B826935 on 2 @ 2026-05-04T13:56:54.190876433Z}\n        CommitSig{A3D611C826C3 by 9C15C2E717D3 on 2 @ 2026-05-04T13:56:54.150447175Z}\n        CommitSig{C1A0A10F5F8C by 91C823A744DE on 2 @ 2026-05-04T13:56:54.252947818Z}\n        CommitSig{7994E2A4E691 by B2336DC86A74 on 2 @ 2026-05-04T13:56:54.212596558Z}\n        CommitSig{45D693DD7455 by A7D9E6DB8CA5 on 2 @ 2026-05-04T13:56:54.246166725Z}\n        CommitSig{F6DFACF2013C by 0939CD5EE88F on 2 @ 2026-05-04T13:56:54.158240756Z}\n        CommitSig{2C08902C8495 by 04B42DA59A43 on 2 @ 2026-05-04T13:56:54.228777333Z}\n        CommitSig{684B55F93A51 by 1AEA8AD7C2BB on 2 @ 2026-05-04T13:56:54.236066375Z}\n        CommitSig{0F14C25FCC2D by 6C4EC11EB897 on 2 @ 2026-05-04T13:56:54.270778355Z}\n        CommitSig{C8A2B7217D57 by 009037C2C756 on 2 @ 2026-05-04T13:56:54.166133403Z}\n        CommitSig{2871E2E7E334 by 1639E3486FD7 on 2 @ 2026-05-04T13:56:54.215711135Z}\n        CommitSig{EDFD11CACED8 by 696ABC95186F on 2 @ 2026-05-04T13:56:54.308602454Z}\n        CommitSig{68E0EED49072 by C2DDD9700CF5 on 2 @ 2026-05-04T13:56:54.205894635Z}\n        CommitSig{3F0BB966D5CF by 48FD560D3CB0 on 2 @ 2026-05-04T13:56:54.156814893Z}\n        CommitSig{360447428F58 by 3A66B4B5C432 on 2 @ 2026-05-04T13:56:54.177395999Z}\n        CommitSig{D22B87BF4FA5 by 39EAD9510213 on 2 @ 2026-05-04T13:56:54.218609618Z}\n        CommitSig{AB9E2932D3E7 by B0765A2F6FCC on 2 @ 2026-05-04T13:56:54.269684516Z}\n        CommitSig{4EDEB8026F1C by 2B9A55D3BF93 on 2 @ 2026-05-04T13:56:54.154297294Z}\n        CommitSig{7D32D682CAFD by F2339A116583 on 2 @ 2026-05-04T13:56:54.217851968Z}\n        CommitSig{F448078F9FE0 by ABF56B068815 on 2 @ 2026-05-04T13:56:54.179299042Z}\n        CommitSig{0F930D584897 by 808D6B054A0B on 2 @ 2026-05-04T13:56:54.273720019Z}\n        CommitSig{08BF7070FE3B by 7420B73F1028 on 2 @ 2026-05-04T13:56:54.136321096Z}\n        CommitSig{8F2210146E77 by B4CC03F2ACA2 on 2 @ 2026-05-04T13:56:54.303867131Z}\n        CommitSig{5EA53699109E by 9DF8E338C85E on 2 @ 2026-05-04T13:56:54.241661039Z}\n        CommitSig{BD8DA6715E75 by 846BE4F39E31 on 2 @ 2026-05-04T13:56:54.219942909Z}\n        CommitSig{B1E0E21C654A by 3363E8F97B02 on 2 @ 2026-05-04T13:56:54.269711166Z}\n        CommitSig{2C997E84DDC8 by B0155252D73B on 2 @ 2026-05-04T13:56:54.276036044Z}\n        CommitSig{0E7833AE2CF3 by F2AC99C1CC09 on 2 @ 2026-05-04T13:56:54.243127186Z}\n        CommitSig{9BF44771A5C5 by 000001E443FD on 2 @ 2026-05-04T13:56:54.170026597Z}\n        CommitSig{96C83B351020 by AFE27475A1AF on 2 @ 2026-05-04T13:56:54.461885811Z}\n        CommitSig{9BA75CACD05F by A0B51E103A89 on 2 @ 2026-05-04T13:56:54.199113319Z}\n        CommitSig{ACD13AEE66BF by 8FE3CFFA6A07 on 2 @ 2026-05-04T13:56:54.27864904Z}\n        CommitSig{7CA7BD8C0F88 by 84B3D8922BA2 on 2 @ 2026-05-04T13:56:54.207666588Z}\n        CommitSig{92130750728D by EBED694E6CE1 on 2 @ 2026-05-04T13:56:54.262868634Z}\n        CommitSig{9EB902B02D8E by 16BA55A7F83B on 2 @ 2026-05-04T13:56:54.237974515Z}\n        CommitSig{FFFE6C4F4D86 by 42D6705E7166 on 2 @ 2026-05-04T13:56:54.174451095Z}\n        CommitSig{5B6A5723913E by B441A6DCF901 on 2 @ 2026-05-04T13:56:54.319842441Z}\n        CommitSig{13C747FDD886 by 75CF712C0B8B on 2 @ 2026-05-04T13:56:54.191884261Z}\n        CommitSig{A94F0C280B3C by C52ACDB32057 on 2 @ 2026-05-04T13:56:54.192301256Z}\n        CommitSig{3E6573908784 by 87A281DAB244 on 2 @ 2026-05-04T13:56:54.221139698Z}\n        CommitSig{2BDACD2AC3C0 by 5D51DFD43706 on 2 @ 2026-05-04T13:56:54.202126169Z}\n        CommitSig{33091E05507D by C12AB171752F on 2 @ 2026-05-04T13:56:54.158376823Z}\n        CommitSig{FAD998565DB6 by B543A7DF4878 on 2 @ 2026-05-04T13:56:54.192831078Z}\n        CommitSig{88CC1A8AF53A by 559681BC50D1 on 2 @ 2026-05-04T13:56:54.205606551Z}\n        CommitSig{AD7E955BA596 by 2D74FE5F939C on 2 @ 2026-05-04T13:56:54.450241827Z}\n        CommitSig{A872396AA4F1 by 24016294C4FF on 2 @ 2026-05-04T13:56:54.18556998Z}\n        CommitSig{C6F4B76AD774 by BAC33F340F34 on 2 @ 2026-05-04T13:56:54.289448831Z}\n        CommitSig{30341368D5F0 by 187E3364C6B3 on 2 @ 2026-05-04T13:56:54.214245906Z}\n        CommitSig{6910F5CDC2C0 by 398910053D8A on 2 @ 2026-05-04T13:56:54.241820176Z}\n        CommitSig{08B5E1E21648 by 9A5B262C8308 on 2 @ 2026-05-04T13:56:54.203754483Z}\n        CommitSig{B04B83FEFF1C by 65E7B639FFAD on 2 @ 2026-05-04T13:56:54.198545585Z}\n        CommitSig{FD38ACF7AB36 by 4289F79D6DB3 on 2 @ 2026-05-04T13:56:54.216327969Z}\n        CommitSig{5E4799FC7B20 by E6ABAEF08489 on 2 @ 2026-05-04T13:56:54.202437214Z}\n        CommitSig{DE7A234B5B8F by 36AEEA8E7695 on 2 @ 2026-05-04T13:56:54.22056631Z}\n        CommitSig{115072390AF2 by 55316C9AB3AE on 2 @ 2026-05-04T13:56:54.151256316Z}\n        CommitSig{A585151FAD12 by E507FF4DAA45 on 2 @ 2026-05-04T13:56:54.179130609Z}\n        CommitSig{B6FEFBE45951 by 000AA5ABF590 on 2 @ 2026-05-04T13:56:54.157354983Z}\n        CommitSig{4EDBD5AAD46A by B2D16E5FD0EE on 2 @ 2026-05-04T13:56:54.242930131Z}\n        CommitSig{C05DA309D2CF by 33734B71FDF3 on 2 @ 2026-05-04T13:56:54.118757711Z}\n        CommitSig{6065FB5771FD by FB6D209DDFEC on 2 @ 2026-05-04T13:56:54.202325377Z}\n        CommitSig{55F1FCAE8862 by C20E89852803 on 2 @ 2026-05-04T13:56:54.195691343Z}\n        CommitSig{EAC1C19F4FEF by 8004A0E2440C on 2 @ 2026-05-04T13:56:54.180491759Z}\n        CommitSig{230FDC00172C by A75996D69B08 on 2 @ 2026-05-04T13:56:52.91140217Z}\n        CommitSig{F501C2846C7D by 89C84ECC281F on 2 @ 2026-05-04T13:56:54.199702775Z}\n        CommitSig{8F181AA43FB1 by B927FDA7B083 on 2 @ 2026-05-04T13:56:54.198697157Z}\n        CommitSig{2D69215940AD by 946F104229D7 on 2 @ 2026-05-04T13:56:54.137414168Z}\n    }#\n  }\n  ValidatorSet{\n    Proposer: Validator{946F104229D7EDAD4BBC45155D2CA0FCDCE44DF7 PubKeyEd25519{67C5B3FB4225C58E28A473D95A28402DCFB95FC150C70F4C6DC36ABAC631A8B7} VP:245 A:-339536540}\n    Validators:\n      Validator{56B2F053AD136642D3FC9098FB2DD01454F396D5 PubKeyEd25519{925ACB357C71717C75BF446F7A58FD6448DAACFF065EF78E4454A51899700103} VP:61517620 A:-128998047}\n      Validator{FB4FB25A61B493A5BF8E3CD4B5E8F5B404DA8E23 PubKeyEd25519{EBCAFC0C0BA450F30264C0F7E808CEB1FEAA453163F95DB9B9A1351001510002} VP:22364225 A:159770293}\n      Validator{099E2B09583331AFDE35E5FA96673D2CA7DEA316 PubKeyEd25519{7B705E8671089465009C9627F55F20057B8C878B573BCC71971C970F500F1B29} VP:15149263 A:151893064}\n      Validator{638C11545DF20961BDE0373D1602ECECB3BC6CD0 PubKeyEd25519{69C4E38066E37E9F1D0C29ADFFEDF7468247E635C0048360C56660B2A112F81D} VP:14954166 A:-45690929}\n      Validator{7B3A2EFE5B3FCDF819FCF52607314CEFE4754BB6 PubKeyEd25519{D75A46C2DE9BA2DD440B9C5EBA0F26BA514D0415AC1D5F97ED7AF12D4993345F} VP:13668983 A:109968431}\n      Validator{1CED30733D1625C89AB698677606D0E37B3676A9 PubKeyEd25519{761843DC8E506ED0BCEF4225E08CCC2F94360305438929FDFC727DC34F5181D8} VP:12254043 A:144999644}\n      Validator{3B845C9AF1D69E9FBB620B69AB226B28BAC97985 PubKeyEd25519{F0A0FCE51F0432615AB5ACED2F250EE348E9D68DB5F80EA96ECA002FF9B54812} VP:8842623 A:-102982213}\n      Validator{2199EAE894CA391FA82F01C2C614BFEB103D056C PubKeyEd25519{0BE556737E1917A9FF4282005E8E35F753B02B1416A5B167AC6282A9C35B7B51} VP:8637604 A:129763816}\n      Validator{9CF8AE1FD507F97A054250582FFE52922C8D3705 PubKeyEd25519{D7741A5DBCBCE15F947AEDD8F0DA5AB2000B7115F3976F64D80F4AFF71514073} VP:8217059 A:149591794}\n      Validator{6CB47D786B2F350C13A60BB77D398AC82E900985 PubKeyEd25519{DF201804FE897EFFA26A009FD1F468B6B18491413AB6E4FE038004E0B2FCBD39} VP:8087282 A:168988257}\n      Validator{25445D0EB353E9050AB11EC6197D5DCB611986DB PubKeyEd25519{194A9B512FBB3DEA6535FC557270C8CAB5D32C93CD749438310EA4060E5E629C} VP:7297856 A:84817253}\n      Validator{D2D458F9209ECB8CA2AAB1D99E06611B812A8797 PubKeyEd25519{8540D7A2CA6C881EA8255BE44550762326A7087B3986269EAA8116CE9F5B7BCC} VP:6349036 A:56541836}\n      Validator{D9F8A41B782AA6A66ADC81F953923C7DCE7B6001 PubKeyEd25519{9FD6D6F619AFC12C26FC09C9B43C1934603ED914A842C7E8305B1CD91ADBD2F6} VP:6277326 A:-62776384}\n      Validator{31920F9BC3A39B66876CC7D6D5E589E10393BF0E PubKeyEd25519{961FE9F144E9D6417CFB89E839E227506DCFB96A45CE4E8C9E8A63D2EA5DB782} VP:6206456 A:168157165}\n      Validator{15F4811CAD3266058AA182D3EFC8D9DA2A4A57E7 PubKeyEd25519{EC45CAE2DE918BD4017D04BC2B6ACC63D9AF04851F79CAF624BDC53C3A8A8AB7} VP:5621530 A:-101115938}\n      Validator{AC2D56057CD84765E6FBE318979093E8E44AA18F PubKeyEd25519{D24365C413299BEE56B5F1C81B5C6C59AB4E5D328F2ED992AA7DC488420365E2} VP:4957356 A:104459331}\n      Validator{DA6AAAA959C9EF88A3EB37B1F107CB2667EBBAAB PubKeyEd25519{29B8516AC48CC51B52B5E8EA2BF032CDEC66FC3B5ABE57DB363586CE73D73251} VP:4447103 A:-85610255}\n      Validator{019B9CA2944D3CC36C7C73283EF3D58E56C8A5D4 PubKeyEd25519{A53720FD05410BE2F3A51D01BB29C3A4C90D878B5A8F278A08EB6658C7E4BC55} VP:4341667 A:92226275}\n      Validator{1AE0BD432F9A5122474A646325D1AFA6068692E9 PubKeyEd25519{A64EEF2FD6285C9CB903710EC9EB08BD9E6A971736AAC5BDF4A93F573A1B9206} VP:4249920 A:118486968}\n      Validator{51DB2566204EE266427EA8A6CB719835AB170BE9 PubKeyEd25519{A2F75F1FF79D5BCF7EBA20749470B93A709B41F2AD927F06D511D988E3F8B184} VP:3234606 A:141051949}\n      Validator{60AAACB82FAB9D90CB2DF0AA0CCE4555101ED90C PubKeyEd25519{20651D678DFDFEE0A05301A6A8E77940C50AB6923CB5A5109E96DD71325D73F4} VP:3228392 A:-89905050}\n      Validator{F59734A896A7689436BC3422244FD862AE189C5C PubKeyEd25519{41A8E37F5922009D0CD54707D5349460B3F5DE4804D76F00BF55E61903BBD757} VP:3190928 A:145319129}\n      Validator{679B89785973BE94D4FDF8B66F84A929932E91C5 PubKeyEd25519{46887DF5196C9C32875056147105479364BCE0D7997D976973E0816FA3511213} VP:3125758 A:-6164193}\n      Validator{8E0EE37B7B1A038DD145E30F1EF97DF3619EF429 PubKeyEd25519{4A944E88B381BF77D620DBD7BE05C70CC2CC8D533FF71DB85A90B7007FDA4DB6} VP:2917434 A:164931665}\n      Validator{0B42E47F154E24D10184BB12E32347AAC61C6B80 PubKeyEd25519{538B2C5E71500A9655FE1661FABDCBEF5665A1AB0471747FFCB748551F7341BE} VP:2619512 A:-40293205}\n      Validator{5A59DC8746FD727FDDD5CBF5CBB90C6F616CCF9B PubKeyEd25519{08CD2DBB005533650FCDCD5E28EBEFADA41D4A72160B7AE24DA6CA41CDA9BD87} VP:2577485 A:115646549}\n      Validator{CC87F56B58621811E2B5A47F38C6166E295CE36E PubKeyEd25519{05EC2121383FB4051FD322985F81DB90733E0AC2FC27058F68F586E18D2F0A41} VP:2342287 A:-9761899}\n      Validator{83F47D7747B0F633A6BA0DF49B7DCF61F90AA1B0 PubKeyEd25519{5B8E7D29B771F8B250EDD2D50125BAB007DDA96A8D4525E7BDCE77AFD68EC7FA} VP:2131646 A:-123615940}\n      Validator{81965FE8A15FA8078C9202F32E4CFA72F85F2A22 PubKeyEd25519{3DF95281BFA50B5188DB6C1CE8DFF9E1C3730FB292610C82591E4BB90C636156} VP:2125020 A:-14974348}\n      Validator{D269A81C7741F458C31DB7FB14C58176421FB2F8 PubKeyEd25519{1E2271E454EAA43F14CB8B36DB21679B5E91346BB98C2CE32C0E4E103F0D40F8} VP:2109598 A:-68266130}\n      Validator{75DAB316F4CA1367F532AB71A80B7FA65AB69039 PubKeyEd25519{9215A42BCD5B24082C80B2F61ACA1329EBE8B1227EF3656496FA42F203A1EB29} VP:2006669 A:79204421}\n      Validator{8F168F8AA2B85C328DE762FA1345C58153B671A7 PubKeyEd25519{DB8ED7F01156B8B2470712E2F67405B3D07DBC6DEEE8C6A4E1B467F3C512C88D} VP:1997918 A:-72246451}\n      Validator{B9ECE1D7B4DD80E868263EA3AAF272B9C7F1292D PubKeyEd25519{D30435489B9C4710DE015C024331629E49B72B45243A59E47F92E5F8196E0D00} VP:1976455 A:-84183170}\n      Validator{E070FA4F050BAF7EA2761C52A6A5715780681939 PubKeyEd25519{B7D97C1E3C312FC595C1A9F16D94CEBFB60D794229E449CCC20DB1695822F08D} VP:1832396 A:17746200}\n      Validator{B442035488D7901D75D8F9AEFF04F64DF7BE160E PubKeyEd25519{FAF9BA6DF6256AB0103DBB8839369C3DCA519F7D108320C02DABE51655F6238E} VP:1702141 A:44763538}\n      Validator{DF9283DA25B296426E97438614D1C62DC1019D84 PubKeyEd25519{C18822CE6D4CA14E3E40C3D5D253E5112A3F6796330DB7E76B9EB690E50D538B} VP:1652475 A:-119909429}\n      Validator{95E060D07713070FE9822F6C50BD76BCCBF9F17A PubKeyEd25519{6A1810CC83A60A1E7E03D8865C9461F0028D964E0D09C3A23DE6F3644B883770} VP:1604590 A:-92625964}\n      Validator{4EB1282675F724B59026F2173C23F0DC9936F118 PubKeyEd25519{E6A29D07376BF171F0D81591FFCC8471E1515848C6A73B2A068EAAD0E5647FD8} VP:1392545 A:-131852293}\n      Validator{C2356622B495725961B5B201A382DD57CD3305EC PubKeyEd25519{A590737E05FC6895F3F6DA86BF3EF9367241D30005B0CADFC58E854E760C6744} VP:1357984 A:68463946}\n      Validator{3DC4DD610817606AD4A8F9D762A068A81E8741E2 PubKeyEd25519{915DEA44121FBCEB01452F98CA005B457FE8360C5E191B6601EE01B8A8D407A0} VP:1314147 A:52072709}\n      Validator{59AC672068F7AE75ED8F5300FC3261C92B909A0A PubKeyEd25519{195326EB7C64ECB6D19AD75C43C834DA572C115372375893D71C9540A44CDCF9} VP:1201667 A:60912164}\n      Validator{170FEFD6D7F4A69AAE70A24415FC4E2C928DE2E5 PubKeyEd25519{37B0FF7CBFC7829CF5506E49FF02E0A39197BD0335D7F949C8283506302A5236} VP:1121717 A:-116718608}\n      Validator{C5327D64CDF4A04BE1206E65F5B61D44923630E6 PubKeyEd25519{1714A3B12BD63DBC39350733B21D3E4115AA61355AB8525DFCC6AD7A89DB7CEF} VP:1066609 A:174759456}\n      Validator{978B1D128C6B2FAC528C7F96B7D2EDDDF82A1B9E PubKeyEd25519{20FF28BC773C52ABED7C4ECDC472E4E0F85FE112EC8A4C0E8286F20FE7BA8290} VP:1063391 A:-117942863}\n      Validator{41CFCA6F171D22443FAA6EE4A5710A983A95790D PubKeyEd25519{BE541ECFD1895AA61C38B2B6F7170E58923890A2889A4253AD09B9F23F599228} VP:1025789 A:115933957}\n      Validator{0ABBA36C54DD0CA6A790AEF96A01D4392E36345F PubKeyEd25519{B84511D60A5EB14E1B9D258BD9339739FDE8AE0DA60988501CC624882272303E} VP:978901 A:-13620772}\n      Validator{85530E727F953AAF9E2C4563A34493C2EF5A55CC PubKeyEd25519{D0F20923117BCCD29B304D40C5BC1E1FB984E1D098CF4F01BAE89449D1B39DCC} VP:966483 A:19461919}\n      Validator{37C8A99DC15238D453C0FBEE7C2ACBEDFD27C1E4 PubKeyEd25519{67C06CFCD071B2152A506E20248D3F3BAA8C9FF1FF6680F5E91974B5E8DCB58D} VP:940281 A:103893233}\n      Validator{BDB046259EB7FB74A28015E31E64CEE9F0802199 PubKeyEd25519{5807907AC0B704DB559D9C092A27B90C03A30F72A58E0F366F973B8FF4C1FA5D} VP:935779 A:-76900996}\n      Validator{3B49CA97C4969033163A872152870489EDEBF080 PubKeyEd25519{D452BAD433D43FDF2F7A716C14F997E09A8B98331CC36B4198E6367B2A02CB48} VP:933029 A:12325229}\n      Validator{B399CADBBD1F5DFB957ED290D204C5B1C3379E4E PubKeyEd25519{B4C58642F131F71D6ED04F68F6C1ACA8268D966F08983C89B10729521C4DA0A1} VP:917589 A:159590276}\n      Validator{F18693704059BFDD3D107D436A2B23B2B1B4A72C PubKeyEd25519{E1DC43E899A4DECE2292C1E4A843CD0383D971DBFCB3DF4208A71B97EF39E80F} VP:885225 A:-71103484}\n      Validator{F6FD6365ACC5382B6AD6566CD2971904B75F7E24 PubKeyEd25519{0EC6B7EC09E9045E74A911BCD0A583DDE1E56ED1FEE06EA1B0CCC89858532521} VP:838699 A:-56953916}\n      Validator{495BA7E759C0FDDE0C5FF52195089A19A1748B70 PubKeyEd25519{5E9C0E5A12FFC87AB95435186E93FA562E52C3EAD83B0EEE636BD4A8F35CF9F9} VP:814709 A:-116123912}\n      Validator{2F7E323B49CBA0901C972F9E50E08C4C3FCFCC82 PubKeyEd25519{CFB57B6AE71985DBB4344491F2CF6477220A00D5207F2EFE4EC157871382BB78} VP:800490 A:419604}\n      Validator{BB76BC6322C7533A7CCD3AF1C089C7B3971FB012 PubKeyEd25519{600411FD32CCB833203934BF29C31D53CD32D890337BB0D7FC610BABDBAA7443} VP:794308 A:-131173324}\n      Validator{BB5DD48E6621A2103FBFB2FA9A5DE861E3E5532D PubKeyEd25519{B0EFEF7C6EFA5CCBAD4AC6BF6F76C0F3CD1741311750C80E65DC41AFF199509C} VP:750696 A:84026047}\n      Validator{59C270B760D49A286E2D8706C39FDE641925B5CE PubKeyEd25519{213FFFE13FD42B74917FC7BF7B681B028833AD0EC4B62576329CBEAC6478227D} VP:718733 A:59410696}\n      Validator{AA355DECB1BCB6B6B24ED87B24918CF33FF19149 PubKeyEd25519{BF2CBDBF8AAE8EB2395E1D8A3F6C7923C43BA963707EA02D5B4223B38400DDDE} VP:717402 A:-88815311}\n      Validator{AC50DFF7B28DCA5045595DB2D38AB55EBF3C40A5 PubKeyEd25519{6AE71CF5149426ACB349993E797E95BFC5561ACE3DEBBF5D7C369A28B6386B2F} VP:699521 A:-92818202}\n      Validator{46A3F8B8393BAA153C40E5722EAE82EA0D48B32D PubKeyEd25519{EC801DB2B2F3FAF3F6F03FC9259C1651D29EFBC29650DF13B245F1721FBCA7A8} VP:696628 A:710820}\n      Validator{592F17BB8CF36AA35867659F8B0E9E76E11BCFBA PubKeyEd25519{21E4D410B42CEF89598FAFA4B4E33850DF9455B01B8B079AB3DB82D6F43F3A79} VP:689901 A:150136735}\n      Validator{C4F6210CB772C0B37FF8520547EC26BEFDB1193B PubKeyEd25519{A13B2A75172F65B09F830A30FE41E18AEAC2E30EDD49E48AF2653225A16F7F27} VP:676446 A:42951882}\n      Validator{D0ACC7204D713CFF9FB449F2D52C0545DC7C13E9 PubKeyEd25519{6C4B2DC3E422A2A26E9B7874D3532F6F2E247CA4C2DE0E0438D7DF1B2D12D205} VP:670232 A:104966140}\n      Validator{C05AA296EAFDAD046F72B10438EC53F51B0DC50A PubKeyEd25519{4782EBB6E02152822A15439833779F41C3749B25B1F4BA95F1FF14698591D1E1} VP:669178 A:107943135}\n      Validator{2DF871BCA6733FE3AD33F69A06F8AAC4C6B5BB00 PubKeyEd25519{9FD322EAAE62538686D02DB88B435EE03A5DDA57A7C3FE2F8ECD66A10B1C88BC} VP:628168 A:-60680772}\n      Validator{7B3D01F754DFF8474ED0E358812FD437E09389DC PubKeyEd25519{578A283C486D23C94D10D3157E415FC94765754386B52A918CD65CC61A6A2900} VP:604605 A:9591070}\n      Validator{D68EEC0D2E8248F1EC64CDB585EDB61ECA432BD8 PubKeyEd25519{2ED88754B09C13EA05208D2FA4897D99F9060E693D0693E0D5E524BCA9CEE31C} VP:580375 A:1158283}\n      Validator{B2BF68AD4CED6FE8F71AACAD01003436EBE0729F PubKeyEd25519{BC648A7DB432280A6F0618A7A4E380D17400763C5C7A2858370B46B247D91B24} VP:547767 A:-3199156}\n      Validator{9AD0AA18A92A1A4374426ED9B8192D1D6C3D2691 PubKeyEd25519{EDE1D2F670115EBE20CAEB835716D00B608356411ADB6C9EDEE1E171B78BBAB7} VP:546636 A:-40841852}\n      Validator{9713818DA540B2AD40CD3A821865F1CA288A1BAA PubKeyEd25519{82FBE4EDF6E8AD6B2AB41E29B1E64BF9059A6FB8899D3D0F658B3ED2815AD810} VP:508435 A:-32712475}\n      Validator{782238ADDDAB20A994DF2A66506A6FD9706CB98F PubKeyEd25519{FCA2EE2AAE5BE8416D24346B51C5EAB33DF1550376E5EF40592102D5059DF0ED} VP:501249 A:-103132185}\n      Validator{52E1646134432BF9532B4881C6ED32E40AE5A2DD PubKeyEd25519{172356A20A0E890151570B498FC2B2C25C89A5416198FCDE912903BEB6D24EF3} VP:497414 A:-49475217}\n      Validator{68F5BBEACEF114C720EA9C98BFA2FFDE01C54FD1 PubKeyEd25519{5E21B3FC3E9E83729D8DA141D2E60827090E4D6E7165C151C49987710601DF38} VP:485918 A:-89951440}\n      Validator{672B3ABDEA631ECA654928ADD4B1596FDB5A16B1 PubKeyEd25519{A6FD7792983C73F4AD207F788E47C8DC81AEC75EDAB3EA6547852931EC7274A6} VP:480696 A:62163797}\n      Validator{108E47FC1B8546F98F7EA52F2547CC44497DB1BF PubKeyEd25519{7F65327F260A219A69522E23A1A2A8B1BA0765BB6C22B56C1C53E4F7F3FA05EE} VP:455115 A:32230970}\n      Validator{B31581E9FF571045531370E2D4895A2D6FEDECFB PubKeyEd25519{B746286A5B3BBAFD9C249BA04C5F1ED5FFF6A40FEF6AC637ECB6C11BBF67DB16} VP:444274 A:34955685}\n      Validator{57713BB7421C7FEB381B863FC87DED5E829AA961 PubKeyEd25519{390F5D3B743A77BE61660FB1006FA28D0B534C96C67B37FC3E52A6B4EB94263A} VP:434455 A:-43634030}\n      Validator{AE456A85A5C6D46FA350C3EC2DCB00D661359E20 PubKeyEd25519{41D34D1652474431ABA09541BDBED6A4F7995127AAB39B9A2D21257DF1116BBC} VP:431227 A:106350304}\n      Validator{00CCEECFD01B2D333A1B56ABF7CFF8A6B8ED25B1 PubKeyEd25519{E091B65D8FDEB70CFD7DEE2B0C201491A231A48F639A0889A8AA99431A77EF9F} VP:430696 A:-97040078}\n      Validator{7B6902E33AF689105A49D8197750C06F96781729 PubKeyEd25519{F5C6F0D4C5A9687B128A4ADCD7BEFD0BA3C1A4D86209EF9F005D0AECDD7EA32C} VP:425903 A:-44574797}\n      Validator{B4E1085F1C9EBB0EA994452CB1B8124BA89BED1A PubKeyEd25519{F8B6D7C0332EDFB8E405104B16D5DACD17C4776CAD4809089DC67F360FBA8D52} VP:403497 A:159145949}\n      Validator{13EE3F05F20C6AD8FD27CBEF33DD61D5F99ECF6F PubKeyEd25519{3F96D55ED411394625B9E9BB521096E1783F4AF1628D19529AAE9D68E34F93B3} VP:393383 A:-34955115}\n      Validator{25A9D452D35F12050ADEE6B31934BB85C2817D76 PubKeyEd25519{E86CC31A676B9897F7E23F68FD03A767BBF6BE1C2D0819A4685546D0F93BCF90} VP:387291 A:74090550}\n      Validator{44CB22521C777168D8459EDA48637EEFE0507885 PubKeyEd25519{F13069461C840E9847C3BD50D96A62600A0343B09DD538993EF321915A137879} VP:369782 A:153860244}\n      Validator{2F2E328BFF18B867E4458310B6330E3A0F081477 PubKeyEd25519{3AD9327212A868D3C89234D6D8433D01AF3415F82C8BA897F8BC72655AF281DE} VP:355044 A:-113756572}\n      Validator{BBE55ED9B2E416E2B37C13BBEE9CD6E7AE314716 PubKeyEd25519{3926B60AAC7EDD1D0A1195478C5317BD2DD9E130D75241F01F7AAC31F3114467} VP:346981 A:-101278147}\n      Validator{D5EDC934314C89B45952620E9C992B1DC9018442 PubKeyEd25519{E513596EEB52A9EB168CA974509ED5B17056CB0795C71716832F4FCC3EAA55EB} VP:336112 A:-128296059}\n      Validator{8F40A46873156271C4AF17C6C0F6494F456EC0E1 PubKeyEd25519{CBDDEBE816FE30C705EA35F5DB259128F53A0C48EE1D0B233CA4F8967F3A15AE} VP:328727 A:75576137}\n      Validator{6EA863B44BA369F739E65595770DAB92C89A9212 PubKeyEd25519{D499C1E7CE801257AC81CF795D7078E4333B8C0859A8AA6A2F16D234E15DD9C5} VP:326433 A:-38922161}\n      Validator{6BD4705021332A90B92397D8D72CA3950CB858EB PubKeyEd25519{03A2D9FDB083163EADE7207BB4E2ACA3D56BDAE11C09B8EAF07D6BB18D76349A} VP:321573 A:63482917}\n      Validator{818964B4FB36D28109C3E853778B33231B27C5FC PubKeyEd25519{F965E005CC4FDE18049BBE612A9D715BFBD148CFDAA4E970866F84EA46E09DA1} VP:318286 A:101703960}\n      Validator{2C2A5E9B9EF903164FA2BD3F140571DDF02A00CC PubKeyEd25519{83669C411DA6F6F26879932A9E897B97E258F9D1A8E048A2CF20753B0C27DC24} VP:305321 A:115512903}\n      Validator{671460930CCDC9B06C5D055E4D550EB8DAF2291E PubKeyEd25519{DA4DF8E96DF0F0D140421DB58F5841A7E32FBABF9984716E11093C0C43A537E7} VP:304919 A:-1639310}\n      Validator{78F1D7A9773FC922739E0A3705A7CA06BEA30883 PubKeyEd25519{F951B82D9FC10C1EFA6D27DE7268B531B071BE393CE6F1259F89954A659A0786} VP:302717 A:-18475901}\n      Validator{21223475CE86F3C7CD5E985AA88FC24A29C97813 PubKeyEd25519{C142130ACBEECAC895A503FD7D4CA7C377EC2115FEA8C0508C5A07C30697792F} VP:301677 A:88413234}\n      Validator{B5B32011EC0714DE2AA550E085A8B20036A10E83 PubKeyEd25519{D0FA10CEF88442B2DDFC78E5A46258566D916F72D76649A1BAE679FE96CBD7A4} VP:298005 A:-108013892}\n      Validator{9CF389DCC22F0070A641E76F483566B23B834B49 PubKeyEd25519{D2DC4599B97858728818E15F48B34B11CEA41D9229C79F1535186153E7CDA27F} VP:290680 A:-99151260}\n      Validator{734D445D854593CEFB8EF0C443E9238F07E777AA PubKeyEd25519{B35D63F0BEDDC67496251F29880F27717F0D421353EF30DF062A61BE22F19569} VP:289852 A:-123275500}\n      Validator{12C2AA0DE66FA3F9D664D03D5D6F6D8216B6DA81 PubKeyEd25519{FF729639D9CF842707BD0C9D877CF80E0F1C50387378A0AE808BFE14D43D012C} VP:270220 A:-121967915}\n      Validator{E31533B82AC67AA1788B70BD7E985BEF8E1252A1 PubKeyEd25519{093A8F24021D333F05DFAD137000C08A2F7FB44788E02BD32B825F043E83C172} VP:261715 A:138670385}\n      Validator{D14A542E8756C3A942D9FD8873DC2E9A7798A17F PubKeyEd25519{66F77E20B7C6F6AD633E765F38E61D64EB8D2D384B74244F92F455F87AD7902B} VP:253971 A:75212820}\n      Validator{CC05882978FC5FDD6A7721687E14C0299AE004B8 PubKeyEd25519{7D48F6AC9F265AA49DA3C157E3B7615A78BEFBFA3139276E081832983E060A25} VP:248852 A:36957450}\n      Validator{B236B2A23AD716A9D8D856A0CBA762F323515C5F PubKeyEd25519{C948FF54E4511C6D5D17F4FC998479E7CC80369DBAE4C5614707294E5F085AF0} VP:227391 A:85483491}\n      Validator{46759662382FCB47C7A7BF025583A415A05143E8 PubKeyEd25519{1424DC954326C9E5B4FD98B7BE13B96FDF8EF472950A9B387DA1C38F95F1E0BA} VP:222935 A:-78118013}\n      Validator{88A65045F5EE502560826DA07F739BA9EBA8470C PubKeyEd25519{C1286BBC8B900BE1AC51800CDC6663FDD3280EA2AD1972A5E97436C900A4039B} VP:219185 A:92112539}\n      Validator{407F144D1C9DEA4EE6A8CBC2D4C022A657506B83 PubKeyEd25519{70E813C9FED6D246CFCEC5802F54FF1BE54789C882573485881686278ECC601C} VP:208123 A:119859589}\n      Validator{51205659A717DFFB96E054F8BD1108730E17AEA7 PubKeyEd25519{5C95C1F595415D9346F6E50E7EF1E6AC3981E0BF0D895D0834E1DD5DB1B43D60} VP:192358 A:39152956}\n      Validator{477367218C9F92C3AD99B5D734A346CF7E8A3287 PubKeyEd25519{D4093940B927C250D17716E454B20C8B4114ABD0A32C7B912EED991ED037BFBA} VP:191658 A:104583865}\n      Validator{6A51554E8C0CF3165A01C675A98A2C38B6EB512C PubKeyEd25519{331C22313C4138C80925C35C9F689E3E8CCB96F0B7AC407F94826255BBB46AD0} VP:191030 A:-2749362}\n      Validator{6E2234F881817A7DB997D59400518591F692A14C PubKeyEd25519{11BA56FAFB35D725655ED3049C906D1FE0A084FC9471555BCDB4D34A6842E0CF} VP:186273 A:69002594}\n      Validator{08065D40B9D4AD5126ACF0BAC8033094835720FD PubKeyEd25519{42B94BC4020F8C127D4A4CB61559CB35E93F2E1FE59CC5ADFA56A36DFE604EFC} VP:181542 A:-135787312}\n      Validator{6A4D14A7AC9B4F7C7F28DC9046E5029D1BF09F41 PubKeyEd25519{070498878221132D24C10CAA5B4363DF9002B80B2EC1D5BD9571E41623C923D4} VP:176457 A:106833632}\n      Validator{58D29D3BCCEDEEE4B78F560584D7592CFF0947C9 PubKeyEd25519{C87B1F5ED808AFC0EB6FAFA97046B5E354127659248BA03236B2E6C82C0EF020} VP:175698 A:62731400}\n      Validator{DE851B826935C57C6193664CDF6D9E79A428654B PubKeyEd25519{A9096AA0E687A7934B49128D37CD553F803E5F70DE5D7DC2640A73339D005C14} VP:174736 A:-30842007}\n      Validator{9C15C2E717D3DD96AF0924D234405AE98B12BE7F PubKeyEd25519{E5137029441663AEAC1CBA435931F83AE744EEDA9EF0759B23D9C6373887475B} VP:173876 A:107511154}\n      Validator{91C823A744DE50F91C17A46B624EDF8F7150A7DD PubKeyEd25519{FD54BF6E0B9E5C1A0D0ECAF3C71697EB84482FFFF6C076FD559D0977AEFE02A4} VP:171255 A:97452669}\n      Validator{B2336DC86A74A6F8552D7F686AC0983EF4E0B0CE PubKeyEd25519{79F39A8B98F3724F82E3A66DF2BB94703D70D84EF09C39CBF6ED804EC38320F8} VP:167995 A:-52485754}\n      Validator{A7D9E6DB8CA5E46A61AC36235D4C8185F7BF11A4 PubKeyEd25519{524B79301F13190B6149BCCC5948B0035F80C303A8C571A4D0800797AAB36550} VP:163332 A:-118536261}\n      Validator{0939CD5EE88F6E4101175096450BB25D2DFAACE8 PubKeyEd25519{B3667B518B8D9778D2BCCDB4AA545C655E33F1F0C281F445579A7100FA0C197F} VP:162818 A:138682871}\n      Validator{04B42DA59A4347D938536518E2238208CAA5E4B3 PubKeyEd25519{9C5248AFA673D8D375401CE3FE2FF3C0431D46F561E16F1597A3E2F97F12CFC1} VP:160755 A:-40050759}\n      Validator{1AEA8AD7C2BB352C01CDFD6BE21CE8E3B6FCE593 PubKeyEd25519{0DD6630F18265B307A72A9353A346388A27B740194B75F317A1E10A2B87DDF4B} VP:158640 A:-111946426}\n      Validator{6C4EC11EB897B964A706FD02AA83977BB3FE0952 PubKeyEd25519{827D39021FAB9C53A580C2F0609466BC7C8C273B300CDA1039EA63CD3847E2F7} VP:156688 A:167187366}\n      Validator{009037C2C75632F3BF9E39A11C0E81EACB262D9E PubKeyEd25519{A3EA8F149EBACDA82CA6D3961AC4A9AFBBE235DC3A6A71857B6320F2A3B7CA1B} VP:156397 A:-133362110}\n      Validator{1639E3486FD75E5447FFD26232A80F1ACE76CD8A PubKeyEd25519{235A42621B1141AB23BC5345BFE447E764FF1EFFEC6CA1F9DD104EA785A9FF5E} VP:156003 A:99680916}\n      Validator{696ABC95186FD65A07050C28AB00C9358A315030 PubKeyEd25519{1A084918397F259499D3B07601176FBC9F123CAB688BF761F0F6D84AE8B7E7D2} VP:154410 A:67472551}\n      Validator{C2DDD9700CF5DEC0457DC423829B31EA8FD4F9D4 PubKeyEd25519{11E2DDCD75469CF76A041A6B18EDC1B1F42CC8D306B318E8CB334E14164B3590} VP:143710 A:38145695}\n      Validator{48FD560D3CB0B552924CBC0F9C2BA68883FA1135 PubKeyEd25519{C1731522854CA43F2F3D2FD4D7EE829BE8E9A0C4A8C86A6B418C8C9D5B4D6967} VP:136746 A:-24301326}\n      Validator{3A66B4B5C4329A14D451955D403BB763DACD87CA PubKeyEd25519{69703825119B20A00C811BDAC37A4FFB828B66CA876C9CFAC9A771DA0BFDD940} VP:134117 A:-44870151}\n      Validator{39EAD95102132963B257E366FC98521E74DFC690 PubKeyEd25519{C13A717CAD6A4437AF264356476D30F86437F8E57D84048624324324D1869119} VP:119926 A:-37786662}\n      Validator{B0765A2F6FCC11D8AC46275FAC06DD35F54217C1 PubKeyEd25519{8A74E9C2DAB681CD20F3A33E4A8BDD93BC02C5EEBC406D0AC6BD973BD4BFABED} VP:119818 A:25536821}\n      Validator{2B9A55D3BF93D7375DD207B75C5ED4D2B91D9146 PubKeyEd25519{83F2BF58293A91F83A922CA610E6C30F7D6FE903D1ADAF096041493DDD123AAD} VP:115569 A:100366925}\n      Validator{F2339A116583BF9E237A94F208A3892F99EE8FBF PubKeyEd25519{7E1A747A5AB2FD8D9A170047A23EDC690F770BF3B63B3751AEEDBC4CEB5BB259} VP:106481 A:148348865}\n      Validator{ABF56B06881572FD0E8CF3DDFC29D8790CF86DE0 PubKeyEd25519{90EC36E0CF30035574211A452F0300B7657D9971706FB5C36D99ABC44AD20470} VP:103098 A:-143289720}\n      Validator{808D6B054A0B6D3FF5F5EAF0A65CFC64C543F833 PubKeyEd25519{E3CE9F2F98C9EC73AD1975DD91E8B64B2D4E8A389D3E28B0E1BFCE8670B3370E} VP:101940 A:4673410}\n      Validator{7420B73F10289ACA18ACCD1CB5AB54882C04D2D5 PubKeyEd25519{9EECC9F7B70E53D5BA7A842D9C39E824D1BB927653534752720FF75EEC2CD1C4} VP:89059 A:-61291421}\n      Validator{B4CC03F2ACA22C43DE1ED385A104BA86B7462792 PubKeyEd25519{B20627CEB3FDF0960742B12227160730B447C9441C074E47713B4EFD78DB91F7} VP:81758 A:9159470}\n      Validator{9DF8E338C85E879BC84B0AAA28A08B431BD5B548 PubKeyEd25519{4E3CC9851F847B37B941669E1E55838BC2A6981FDDF7F1B58FDC4E48AD1A3959} VP:76125 A:-78117872}\n      Validator{846BE4F39E3122D2A2D3FE5454E2561073E95538 PubKeyEd25519{5BD2131B89E72FD62417389110CA737358C138B7E676236685B064BA662608EF} VP:76108 A:147357147}\n      Validator{3363E8F97B02ECC00289E72173D827543047ACDA PubKeyEd25519{98F9EEF75D2138E6B5B4043BA5B38B143C6F9656D0526ADBB468EA42B620D673} VP:62851 A:-110791895}\n      Validator{B0155252D73B7EEB74D2A8CC814397E66970A839 PubKeyEd25519{C37ACA13EB50A0B2BC1BE5CF9A39FE36CCC2934EE2434B166816CDE614197016} VP:62376 A:-25432911}\n      Validator{F2AC99C1CC0947F42AE2938BFC2EAD5EF5963027 PubKeyEd25519{F0CCAB8F48211984BFD1B460BA0ADE0FDF84A4BF881A01C7E6160318531F0163} VP:57175 A:-139001405}\n      Validator{000001E443FD237E4B616E2FA69DF4EE3D49A94F PubKeyEd25519{F6D2BD213F853DD7F6AA6FB9736A9AC62D74B163FEDDEAD64CA81FB67D8F6903} VP:52425 A:-32684618}\n      Validator{AFE27475A1AF01E4B17C709DCF99F369B35D9292 PubKeyEd25519{69B891F2F7F1836358243DD18ECEAAD1842EBC22192834486B3A20369878773C} VP:48785 A:-28630238}\n      Validator{A0B51E103A890E58DEA409772BBF0B1108BE20F1 PubKeyEd25519{6C7161FE23B2B38B344833860AEBE17B6EF3108C0492FD8142C34ACF78AE6B50} VP:48050 A:52700427}\n      Validator{8FE3CFFA6A07B093E441BB84DA1B6DABF53AFA2D PubKeyEd25519{C1E1F481B0161A7A38427679D9B1F9DD6F54371475AF1CAF59F2CE22C44AAF1F} VP:45684 A:122726973}\n      Validator{84B3D8922BA2F24A39477EC14957991BE1AE7765 PubKeyEd25519{2DDCD2A2351258B929D6F7E81070013A68AA57FEDB686EFBBEA9DA4C9A70BC93} VP:40204 A:-69415564}\n      Validator{EBED694E6CE1224FB1E8A2DD8EE63A38568B1E2B PubKeyEd25519{CFF0E0F5653FAE5201F8B69054C3075BF6BBAEF6A57C8732CF755D3B07EF82E7} VP:39826 A:4210103}\n      Validator{16BA55A7F83BC8E165690FED6D10957B1A51F792 PubKeyEd25519{1789FB0B4EE870EED2D144FCCBEB296BC16F600E0A866BD3E97FFDFBB217AECE} VP:37332 A:-97659167}\n      Validator{42D6705E716616B4A5442BDAA050B7C6E9FDDE43 PubKeyEd25519{2BB3C531E2E9D2DC30CF744302F956A33D0DEAF4EC0A0E8A78AC7CC70526E47C} VP:36363 A:-125618049}\n      Validator{B441A6DCF90192E939A65617EEEAD383FD922C5F PubKeyEd25519{DFDE490B1D3CF226911EE99F23324268E8530819FD7938BD97EC6629FA7F67DF} VP:34806 A:-81936538}\n      Validator{75CF712C0B8BBBE179FB3C1E647797110C56DC88 PubKeyEd25519{8C9F0535A037392B8A554289193A45539A3733ECCCC671E58CF667ADDE9440A7} VP:34370 A:89244297}\n      Validator{C52ACDB32057F5C731BBDD48460B93C3500DD324 PubKeyEd25519{96025C8A2D16D906A70E55E96FFF60649009DD7F65FADA80AE160098D509D65C} VP:28410 A:-68831412}\n      Validator{87A281DAB244C963A994E8A9CBA40062267DB005 PubKeyEd25519{028D4C5FFA8A4B717F4AA77333A9E5573C24285986573551BE0EE30AA7AE861F} VP:24975 A:-72070196}\n      Validator{5D51DFD43706010023C4506ED64C56B3396AC2A3 PubKeyEd25519{861E8A033F3289E97C28F53F2E2F6CFB48D9D4116B201F55B7B554827AB143F5} VP:24086 A:80425470}\n      Validator{C12AB171752F3CC4FA3E20E560058D1B55D745F2 PubKeyEd25519{152CCF27F867888AD43925B1BF0BE08D09418056795334E0DA162942F76D1970} VP:22500 A:149668783}\n      Validator{B543A7DF48780AEFEF593A003CD060B593C4E6B5 PubKeyEd25519{2A33EE0069094166F4226A8AB92DC30056ADECBBC8566896844191BABD6DC1C9} VP:17790 A:-44386082}\n      Validator{559681BC50D15F328CE244BC027B636B16BA94E1 PubKeyEd25519{DB47518D502B42D4F7A4A63BCB48D479DEC00C0F1CF3B1888C34F34E51D2C5FB} VP:15556 A:-3056828}\n      Validator{2D74FE5F939C61DB05F8EA577DD43293B7E404E8 PubKeyEd25519{A4B918543A7B42936D9223E0E2484444DD4548742F805D899C331A30C5BC68E4} VP:11845 A:111407516}\n      Validator{24016294C4FFAB82130C3CA3FE8729C162753DAC PubKeyEd25519{DCCD48507060D670779D42712E519C44FB0F9200BA69C1C7C8DE14730E4848C5} VP:11722 A:95198910}\n      Validator{BAC33F340F3497751F124868F049EC2E8930AC2F PubKeyEd25519{F4A03B7CA9402CF74A3DBED23385069699DB494E14F54D40E1CDEEF15D8A753B} VP:11239 A:9246021}\n      Validator{187E3364C6B361F4449351E6FCE7CDEC97B4226D PubKeyEd25519{DC2531CE186098BB086EB26315FB46929AAD62D348A1ADF6824B345FA598B12E} VP:11198 A:-125928448}\n      Validator{398910053D8A64FBF65B2A63C905C8C0DBE41DB9 PubKeyEd25519{E7D0B071AEA4276E66B55F2D6367110BB2C0C8244399823664D75201B5E8F06A} VP:8454 A:24045685}\n      Validator{9A5B262C83085191BAA1B453EC16E47D735472ED PubKeyEd25519{91262CC03CF93D6BC022EA6C1BCB3FAD5F1B8B52A1CEBC3C0F26EB729174C17A} VP:8056 A:65582576}\n      Validator{65E7B639FFAD580F828160FC6C58CA7EF4F55B30 PubKeyEd25519{83281F815307CBF83B91B15D58B6010E254009B3D9B00D4F3430F15B4666A0B0} VP:5174 A:-101772938}\n      Validator{4289F79D6DB33096BADC366981B663BA3CB3F85B PubKeyEd25519{0C8239103000F0381D4DC33425FC9C6F4D83205F454CBBCE709B2BBB16CB7667} VP:5102 A:-84812642}\n      Validator{E6ABAEF084896D15BE3E4D4B97A72F866C5581E6 PubKeyEd25519{F918F836EC0E9480E0987675AC57A61827900DF5C7A0918757D8B4E23ECD58BA} VP:4375 A:-111522943}\n      Validator{36AEEA8E76957A82FA5668AB01FCC2B0FCED0664 PubKeyEd25519{9172F156846D1C23BA95FD15205F852A0EF3AA57A46F013476AA5227FB6FF13E} VP:4051 A:-141337443}\n      Validator{55316C9AB3AE9FC6C4547BA5FC1441FF3D565BBF PubKeyEd25519{BD6B8E85C639CB9E4442BBAD7A700E65F312C8924A18516756C2E945AFAA7FF2} VP:2758 A:-144345417}\n      Validator{E507FF4DAA45245352EBBCD14F3822184EDB7666 PubKeyEd25519{4D0F43C7EF4D72958BF2408EAF8CF1694CD8C4A81DFD17B8837161DB8CB89614} VP:2308 A:123396353}\n      Validator{000AA5ABF590A815EBCBDAE070AFF50BE571EB8B PubKeyEd25519{C963D821F49FE728BF325073119C76C8C84E27F75A5D1C7C120DCD3ACA3C57B7} VP:2228 A:32192163}\n      Validator{B2D16E5FD0EE6B75F54CD3A5AEDD8AE5E22A7E6D PubKeyEd25519{2729949F63ACA61C32D09C11F9EA6C0DAA07C9FCCD8FC0BDA4949FE3493CBADA} VP:2155 A:-85464020}\n      Validator{33734B71FDF3C13CCCF08A70B99028AA24A7E827 PubKeyEd25519{9F21B94BBD7D461B903BDFDFD191EB960C9286FAC1443FCA31C583570750EA49} VP:2051 A:-325809294}\n      Validator{FB6D209DDFEC949533ECD5360A8F05F0DB58159E PubKeyEd25519{62D8F3249ACFC0EFD19FF43436CC95EAFA0A3DFCEA6E9AF405DEE2800A4AA86E} VP:1858 A:50463420}\n      Validator{C20E89852803F0C74D00C72B67C92CB98BCCEF06 PubKeyEd25519{BBAA15B33772C7458C5236D081898A6735536D8C3D7E1B2599209666251AF08E} VP:1315 A:30632033}\n      Validator{8004A0E2440CA60ABB0865098954C75EA66587E2 PubKeyEd25519{73901BF860DA2C38E7C0D4050B5305FC5C609C2768986854AC1224B65593F161} VP:970 A:-14164059}\n      Validator{A75996D69B081699610ABEBCD52D184BE110B92E PubKeyEd25519{3CC1DA5436F1EE804E485F29D1E060318E66BD92D9D441EBA1E6E1CBD192C68B} VP:597 A:-104960210}\n      Validator{89C84ECC281F5EA06E79F30570F1FC293CE0DFB3 PubKeyEd25519{24DC42D5433DAB625F034427870AC26193529DAB297B85330E9EC2ED1DA15044} VP:568 A:-261350969}\n      Validator{B927FDA7B083D43523B803A70E767A31B8B1A6E2 PubKeyEd25519{3B5E89AA1D0624EF917999CFF1BAF16F77F197DF3C265B3D921F6F2CF8C7EAAB} VP:503 A:-315686734}\n      Validator{946F104229D7EDAD4BBC45155D2CA0FCDCE44DF7 PubKeyEd25519{67C5B3FB4225C58E28A473D95A28402DCFB95FC150C70F4C6DC36ABAC631A8B7} VP:245 A:-339536540}\n  }\n}"
[bootstrap] I[2026-05-04|16:22:55.457] VerifyHeader                                 module=light height=30960002 hash=1C45363EF359BAA914A995432555630AED0E7F78AC81A335186F9F72F86A6977
[bootstrap] D[2026-05-04|16:22:55.457] Verify non-adjacent newHeader against verifiedBlock module=light trustedHeight=30960001 trustedHash=7B69B608FD7073AF6CE6CC047E9A3F7B743A93A22F68EC8D153F34FD1008795D newHeight=30960002 newHash=1C45363EF359BAA914A995432555630AED0E7F78AC81A335186F9F72F86A6977
[bootstrap] D[2026-05-04|16:22:55.457] Running detector against trace               module=light finalizeBlockHeight=30960002 endBlockHash=0xc0e840 length=2
[bootstrap] D[2026-05-04|16:22:56.113] Matching header received by witness          module=light height=30960002 witness=0
[bootstrap] D[2026-05-04|16:22:56.169] Matching header received by witness          module=light height=30960002 witness=1
[bootstrap] D[2026-05-04|16:22:56.170] updating trusted light block                 module=light light_block="LightBlock{\n  SignedHeader{\n    Header{\n      Version:        {11 0}\n      ChainID:        cosmoshub-4\n      Height:         30960002\n      Time:           2026-05-04 13:56:54.192892409 +0000 UTC\n      LastBlockID:    7B69B608FD7073AF6CE6CC047E9A3F7B743A93A22F68EC8D153F34FD1008795D:1:9DDD87B5303B\n      LastCommit:     23FAA9E607DAEC67E5103356F12901192EB97D9569AD6ACA2DADCE973BC7585F\n      Data:           563DFD23B5F9D641B84959B6B64B39FEC961296A1DE2BA555C1F6531EFFAE4EE\n      Validators:     1CB2DC005D0567339DED33B9F0AFE5742092BBA868C7A6C71AD173999FA598EE\n      NextValidators: 1CB2DC005D0567339DED33B9F0AFE5742092BBA868C7A6C71AD173999FA598EE\n      App:            381F5F558261A62D06FAAC58C30D8D218064FD310CACD47DD062E1BDC1D2B758\n      Consensus:      20CA5E3F42E07A0CDB7BD986EFF1947A23FC27FF47204303E082BC44BB348E0B\n      Results:        BA5699C6B954572E46D334D1D83905B2BE3E40D50CF23D16656C1CB20B1526C4\n      Evidence:       E3B0C44298FC1C149AFBF4C8996FB92427AE41E4649B934CA495991B7852B855\n      Proposer:       FB4FB25A61B493A5BF8E3CD4B5E8F5B404DA8E23\n    }#1C45363EF359BAA914A995432555630AED0E7F78AC81A335186F9F72F86A6977\n    Commit{\n      Height:     30960002\n      Round:      0\n      BlockID:    1C45363EF359BAA914A995432555630AED0E7F78AC81A335186F9F72F86A6977:1:4308B4AD61B9\n      Signatures:\n        CommitSig{EE5C62549EF1 by 56B2F053AD13 on 2 @ 2026-05-04T13:57:00.212060817Z}\n        CommitSig{CD620512FF31 by FB4FB25A61B4 on 2 @ 2026-05-04T13:57:00.339831319Z}\n        CommitSig{26ED3135F595 by 099E2B095833 on 2 @ 2026-05-04T13:57:00.27519179Z}\n        CommitSig{586C8241D9FC by 638C11545DF2 on 2 @ 2026-05-04T13:57:00.222906091Z}\n        CommitSig{F50197F0B318 by 7B3A2EFE5B3F on 2 @ 2026-05-04T13:57:00.240878296Z}\n        CommitSig{5E5007B5769A by 1CED30733D16 on 2 @ 2026-05-04T13:57:00.194494078Z}\n        CommitSig{ABB3C52EF028 by 3B845C9AF1D6 on 2 @ 2026-05-04T13:57:00.19489335Z}\n        CommitSig{451A2A5105D2 by 2199EAE894CA on 2 @ 2026-05-04T13:57:00.232295471Z}\n        CommitSig{8AD907417A1F by 9CF8AE1FD507 on 2 @ 2026-05-04T13:57:00.23364313Z}\n        CommitSig{F5867F758E7B by 6CB47D786B2F on 2 @ 2026-05-04T13:57:00.177139321Z}\n        CommitSig{D43603505A23 by 25445D0EB353 on 2 @ 2026-05-04T13:57:00.275305314Z}\n        CommitSig{32184F9B5DAD by D2D458F9209E on 2 @ 2026-05-04T13:57:00.26980375Z}\n        CommitSig{5D7986061CCA by D9F8A41B782A on 2 @ 2026-05-04T13:57:00.261714306Z}\n        CommitSig{3BF4D17B29EB by 31920F9BC3A3 on 2 @ 2026-05-04T13:57:00.194121243Z}\n        CommitSig{33BA741EF4FC by 15F4811CAD32 on 2 @ 2026-05-04T13:57:04.067633152Z}\n        CommitSig{E266A8E4677F by AC2D56057CD8 on 2 @ 2026-05-04T13:57:00.216122923Z}\n        CommitSig{85C2E31758EF by DA6AAAA959C9 on 2 @ 2026-05-04T13:57:00.206170868Z}\n        CommitSig{A32EA8347B3D by 019B9CA2944D on 2 @ 2026-05-04T13:57:00.270238806Z}\n        CommitSig{000000000000 by 000000000000 on 1 @ 0001-01-01T00:00:00Z}\n        CommitSig{4B27A6880D8F by 51DB2566204E on 2 @ 2026-05-04T13:57:00.194478292Z}\n        CommitSig{23F4241B630C by 60AAACB82FAB on 2 @ 2026-05-04T13:57:00.245203205Z}\n        CommitSig{1B8D27AC8189 by F59734A896A7 on 2 @ 2026-05-04T13:57:00.714182043Z}\n        CommitSig{07D691C723A6 by 679B89785973 on 2 @ 2026-05-04T13:57:00.211953443Z}\n        CommitSig{19C07019F87C by 8E0EE37B7B1A on 2 @ 2026-05-04T13:57:00.305146405Z}\n        CommitSig{BDF73A480899 by 0B42E47F154E on 2 @ 2026-05-04T13:57:00.25003578Z}\n        CommitSig{08605E4BDB58 by 5A59DC8746FD on 2 @ 2026-05-04T13:57:00.258723551Z}\n        CommitSig{AD2FFC6242FE by CC87F56B5862 on 2 @ 2026-05-04T13:57:00.274905653Z}\n        CommitSig{B24CDAF891EB by 83F47D7747B0 on 2 @ 2026-05-04T13:57:00.237356905Z}\n        CommitSig{545A0D53E0A5 by 81965FE8A15F on 2 @ 2026-05-04T13:57:00.246733368Z}\n        CommitSig{0348AECC3091 by D269A81C7741 on 2 @ 2026-05-04T13:57:00.251662623Z}\n        CommitSig{EB7CFC3BC9CE by 75DAB316F4CA on 2 @ 2026-05-04T13:57:00.411762457Z}\n        CommitSig{B7212749053E by 8F168F8AA2B8 on 2 @ 2026-05-04T13:57:00.291240808Z}\n        CommitSig{5252389CEC9B by B9ECE1D7B4DD on 2 @ 2026-05-04T13:57:00.225742633Z}\n        CommitSig{0BC0974C5F7B by E070FA4F050B on 2 @ 2026-05-04T13:57:00.206370445Z}\n        CommitSig{D679ACA547DB by B442035488D7 on 2 @ 2026-05-04T13:57:00.210416137Z}\n        CommitSig{2AF9C42E50E1 by DF9283DA25B2 on 2 @ 2026-05-04T13:57:00.196258651Z}\n        CommitSig{F144A04A426C by 95E060D07713 on 2 @ 2026-05-04T13:56:54.193892409Z}\n        CommitSig{E1AD78A77CCA by 4EB1282675F7 on 2 @ 2026-05-04T13:57:00.210780093Z}\n        CommitSig{11DF0A7C3AA2 by C2356622B495 on 2 @ 2026-05-04T13:57:00.253269155Z}\n        CommitSig{92ED3DAF942F by 3DC4DD610817 on 2 @ 2026-05-04T13:57:00.215870283Z}\n        CommitSig{809A7722EBD4 by 59AC672068F7 on 2 @ 2026-05-04T13:57:00.254066463Z}\n        CommitSig{000000000000 by 000000000000 on 1 @ 0001-01-01T00:00:00Z}\n        CommitSig{309C005A6792 by C5327D64CDF4 on 2 @ 2026-05-04T13:57:00.180437781Z}\n        CommitSig{E0C6B2D43FE8 by 978B1D128C6B on 2 @ 2026-05-04T13:57:00.275710814Z}\n        CommitSig{511B791DFE11 by 41CFCA6F171D on 2 @ 2026-05-04T13:57:00.218272584Z}\n        CommitSig{33FDB91745E6 by 0ABBA36C54DD on 2 @ 2026-05-04T13:57:00.195392527Z}\n        CommitSig{DA682F6FF49A by 85530E727F95 on 2 @ 2026-05-04T13:57:00.261258626Z}\n        CommitSig{40EF255E6FDF by 37C8A99DC152 on 2 @ 2026-05-04T13:57:00.323010555Z}\n        CommitSig{C4AF96D30165 by BDB046259EB7 on 2 @ 2026-05-04T13:57:00.217656539Z}\n        CommitSig{CA502B38BA27 by 3B49CA97C496 on 2 @ 2026-05-04T13:57:00.194726805Z}\n        CommitSig{3A0AEF815B15 by B399CADBBD1F on 2 @ 2026-05-04T13:57:00.224358096Z}\n        CommitSig{DB1C7FE2AED9 by F18693704059 on 2 @ 2026-05-04T13:57:00.231441752Z}\n        CommitSig{21149F409C4E by F6FD6365ACC5 on 2 @ 2026-05-04T13:57:00.260950593Z}\n        CommitSig{826391ACB64F by 495BA7E759C0 on 2 @ 2026-05-04T13:57:00.226521884Z}\n        CommitSig{D259B94B873A by 2F7E323B49CB on 2 @ 2026-05-04T13:57:00.214681211Z}\n        CommitSig{F70C28F71802 by BB76BC6322C7 on 2 @ 2026-05-04T13:57:00.224623009Z}\n        CommitSig{7D0D7D11D287 by BB5DD48E6621 on 2 @ 2026-05-04T13:57:00.26789227Z}\n        CommitSig{5577B81D4D45 by 59C270B760D4 on 2 @ 2026-05-04T13:57:00.209923985Z}\n        CommitSig{7C21628DD2D2 by AA355DECB1BC on 2 @ 2026-05-04T13:57:00.336590628Z}\n        CommitSig{FEC668014A40 by AC50DFF7B28D on 2 @ 2026-05-04T13:57:00.282342347Z}\n        CommitSig{CB7A195EC7B5 by 46A3F8B8393B on 2 @ 2026-05-04T13:57:00.319805569Z}\n        CommitSig{EDAAAB931C49 by 592F17BB8CF3 on 2 @ 2026-05-04T13:57:00.26139983Z}\n        CommitSig{DB0DF646E6B6 by C4F6210CB772 on 2 @ 2026-05-04T13:57:00.192348631Z}\n        CommitSig{A9944E171B0C by D0ACC7204D71 on 2 @ 2026-05-04T13:57:00.271993619Z}\n        CommitSig{5B0A7CFB1CA9 by C05AA296EAFD on 2 @ 2026-05-04T13:57:00.230308884Z}\n        CommitSig{C294A2093EF6 by 2DF871BCA673 on 2 @ 2026-05-04T13:57:00.265774257Z}\n        CommitSig{E2EF9BAD0547 by 7B3D01F754DF on 2 @ 2026-05-04T13:57:00.226495437Z}\n        CommitSig{185F365A8ABF by D68EEC0D2E82 on 2 @ 2026-05-04T13:57:00.263073953Z}\n        CommitSig{218DD45730D0 by B2BF68AD4CED on 2 @ 2026-05-04T13:57:00.435590705Z}\n        CommitSig{1B1DD4188F4B by 9AD0AA18A92A on 2 @ 2026-05-04T13:57:00.229828472Z}\n        CommitSig{D98A075F3732 by 9713818DA540 on 2 @ 2026-05-04T13:57:00.21255744Z}\n        CommitSig{B2BBD80E8595 by 782238ADDDAB on 2 @ 2026-05-04T13:57:00.203303646Z}\n        CommitSig{60F0FEED4374 by 52E164613443 on 2 @ 2026-05-04T13:57:00.223017302Z}\n        CommitSig{848664F55E52 by 68F5BBEACEF1 on 2 @ 2026-05-04T13:57:00.458896353Z}\n        CommitSig{1697E5F53195 by 672B3ABDEA63 on 2 @ 2026-05-04T13:57:00.185046458Z}\n        CommitSig{0E4B979AE452 by 108E47FC1B85 on 2 @ 2026-05-04T13:57:00.218305923Z}\n        CommitSig{84A2A52E3066 by B31581E9FF57 on 2 @ 2026-05-04T13:57:00.298604851Z}\n        CommitSig{CFBD77C66FFB by 57713BB7421C on 2 @ 2026-05-04T13:57:00.232673998Z}\n        CommitSig{BD0C6232585F by AE456A85A5C6 on 2 @ 2026-05-04T13:57:00.183585723Z}\n        CommitSig{751835E096F9 by 00CCEECFD01B on 2 @ 2026-05-04T13:57:00.486711738Z}\n        CommitSig{D3AAA35D0977 by 7B6902E33AF6 on 2 @ 2026-05-04T13:57:00.229945531Z}\n        CommitSig{C4D0ED332DEF by B4E1085F1C9E on 2 @ 2026-05-04T13:57:00.294604889Z}\n        CommitSig{171467D99100 by 13EE3F05F20C on 2 @ 2026-05-04T13:57:00.295340083Z}\n        CommitSig{1D35B852FC6D by 25A9D452D35F on 2 @ 2026-05-04T13:57:00.219652412Z}\n        CommitSig{DD824FA04951 by 44CB22521C77 on 2 @ 2026-05-04T13:57:00.25918426Z}\n        CommitSig{CCA3830D79FD by 2F2E328BFF18 on 2 @ 2026-05-04T13:57:00.276764323Z}\n        CommitSig{13FB59ADA4C2 by BBE55ED9B2E4 on 2 @ 2026-05-04T13:57:00.233707275Z}\n        CommitSig{A99D4C6F7ADA by D5EDC934314C on 2 @ 2026-05-04T13:57:00.220090517Z}\n        CommitSig{005C798E96B5 by 8F40A4687315 on 2 @ 2026-05-04T13:57:00.256636623Z}\n        CommitSig{D963AA541B4D by 6EA863B44BA3 on 2 @ 2026-05-04T13:57:00.34944463Z}\n        CommitSig{953ED84C32C7 by 6BD470502133 on 2 @ 2026-05-04T13:57:00.277978648Z}\n        CommitSig{784BEFB5AA7C by 818964B4FB36 on 2 @ 2026-05-04T13:57:00.302551671Z}\n        CommitSig{045CCA2C5EF2 by 2C2A5E9B9EF9 on 2 @ 2026-05-04T13:57:00.267394399Z}\n        CommitSig{6492CE590541 by 671460930CCD on 2 @ 2026-05-04T13:57:00.397923183Z}\n        CommitSig{D30C94D54EFE by 78F1D7A9773F on 2 @ 2026-05-04T13:57:00.232578964Z}\n        CommitSig{CB5D768EB4E9 by 21223475CE86 on 2 @ 2026-05-04T13:57:00.307707701Z}\n        CommitSig{253D15A34564 by B5B32011EC07 on 2 @ 2026-05-04T13:57:00.287175248Z}\n        CommitSig{847C8E2CFFD6 by 9CF389DCC22F on 2 @ 2026-05-04T13:57:00.195611182Z}\n        CommitSig{73EBE17021EA by 734D445D8545 on 2 @ 2026-05-04T13:57:00.291433426Z}\n        CommitSig{8F474B4A85DA by 12C2AA0DE66F on 2 @ 2026-05-04T13:57:00.212508589Z}\n        CommitSig{5EC44BB19D42 by E31533B82AC6 on 2 @ 2026-05-04T13:57:00.191256116Z}\n        CommitSig{606A4CBECE86 by D14A542E8756 on 2 @ 2026-05-04T13:57:00.209622752Z}\n        CommitSig{16653A1BE479 by CC05882978FC on 2 @ 2026-05-04T13:57:00.208145923Z}\n        CommitSig{FC85C90B2293 by B236B2A23AD7 on 2 @ 2026-05-04T13:57:00.214371847Z}\n        CommitSig{BC2C900E80DC by 46759662382F on 2 @ 2026-05-04T13:57:00.266694996Z}\n        CommitSig{542FCBCD898F by 88A65045F5EE on 2 @ 2026-05-04T13:57:00.224904246Z}\n        CommitSig{28A8F3A87501 by 407F144D1C9D on 2 @ 2026-05-04T13:57:00.196256582Z}\n        CommitSig{F8C256406F60 by 51205659A717 on 2 @ 2026-05-04T13:57:00.234553212Z}\n        CommitSig{201D6E6B52CA by 477367218C9F on 2 @ 2026-05-04T13:57:00.201240417Z}\n        CommitSig{124EFCDA8627 by 6A51554E8C0C on 2 @ 2026-05-04T13:57:00.235002904Z}\n        CommitSig{85E2755DB3F3 by 6E2234F88181 on 2 @ 2026-05-04T13:57:00.216776444Z}\n        CommitSig{ED0C7DBFF77F by 08065D40B9D4 on 2 @ 2026-05-04T13:57:00.253127297Z}\n        CommitSig{5D71BE590573 by 6A4D14A7AC9B on 2 @ 2026-05-04T13:57:00.193283392Z}\n        CommitSig{FDC81763679C by 58D29D3BCCED on 2 @ 2026-05-04T13:57:00.209892581Z}\n        CommitSig{26AA2CC27250 by DE851B826935 on 2 @ 2026-05-04T13:57:00.266629568Z}\n        CommitSig{77E253EF900C by 9C15C2E717D3 on 2 @ 2026-05-04T13:57:00.220334812Z}\n        CommitSig{6C654396241E by 91C823A744DE on 2 @ 2026-05-04T13:57:00.278364805Z}\n        CommitSig{4C86B2C17E49 by B2336DC86A74 on 2 @ 2026-05-04T13:57:00.281000144Z}\n        CommitSig{6CEB679361B3 by A7D9E6DB8CA5 on 2 @ 2026-05-04T13:57:00.299032206Z}\n        CommitSig{7D25E8DBAF37 by 0939CD5EE88F on 2 @ 2026-05-04T13:57:00.213307732Z}\n        CommitSig{CC2BD05277EE by 04B42DA59A43 on 2 @ 2026-05-04T13:57:00.300821707Z}\n        CommitSig{3FFE58737D87 by 1AEA8AD7C2BB on 2 @ 2026-05-04T13:57:00.249673198Z}\n        CommitSig{A441ACEEC607 by 6C4EC11EB897 on 2 @ 2026-05-04T13:57:00.356996142Z}\n        CommitSig{558283D3E00B by 009037C2C756 on 2 @ 2026-05-04T13:57:00.186052249Z}\n        CommitSig{517B8CE81D60 by 1639E3486FD7 on 2 @ 2026-05-04T13:57:00.277812528Z}\n        CommitSig{C91E1AE113FE by 696ABC95186F on 2 @ 2026-05-04T13:57:00.383604462Z}\n        CommitSig{A95688384F3B by C2DDD9700CF5 on 2 @ 2026-05-04T13:57:00.233256591Z}\n        CommitSig{6296001B52B4 by 48FD560D3CB0 on 2 @ 2026-05-04T13:57:00.231296468Z}\n        CommitSig{6767C2FAEAF7 by 3A66B4B5C432 on 2 @ 2026-05-04T13:57:00.222777192Z}\n        CommitSig{83ABC6D6516D by 39EAD9510213 on 2 @ 2026-05-04T13:57:00.311782461Z}\n        CommitSig{648DE4855140 by B0765A2F6FCC on 2 @ 2026-05-04T13:57:00.352997638Z}\n        CommitSig{7CDE579CB82C by 2B9A55D3BF93 on 2 @ 2026-05-04T13:57:00.223625051Z}\n        CommitSig{3E6232854F06 by F2339A116583 on 2 @ 2026-05-04T13:57:00.286847342Z}\n        CommitSig{5B6AFD0557C7 by ABF56B068815 on 2 @ 2026-05-04T13:57:00.318308192Z}\n        CommitSig{8B7C9063A1DA by 808D6B054A0B on 2 @ 2026-05-04T13:57:00.299132221Z}\n        CommitSig{F224CA16250B by 7420B73F1028 on 2 @ 2026-05-04T13:57:00.281421596Z}\n        CommitSig{72F57B92B9A3 by B4CC03F2ACA2 on 2 @ 2026-05-04T13:57:00.205074184Z}\n        CommitSig{B26C09A91303 by 9DF8E338C85E on 2 @ 2026-05-04T13:57:00.398059448Z}\n        CommitSig{ED2CC2E2A07C by 846BE4F39E31 on 2 @ 2026-05-04T13:57:00.333997199Z}\n        CommitSig{69B542B1E5CD by 3363E8F97B02 on 2 @ 2026-05-04T13:57:00.260958182Z}\n        CommitSig{8F382B729E42 by B0155252D73B on 2 @ 2026-05-04T13:57:00.333322383Z}\n        CommitSig{E41E425B5D8C by F2AC99C1CC09 on 2 @ 2026-05-04T13:57:00.273561381Z}\n        CommitSig{B73CB9595D9B by 000001E443FD on 2 @ 2026-05-04T13:57:00.223267425Z}\n        CommitSig{2F81646801A3 by AFE27475A1AF on 2 @ 2026-05-04T13:57:00.477664463Z}\n        CommitSig{9F197D0E976A by A0B51E103A89 on 2 @ 2026-05-04T13:57:00.265300831Z}\n        CommitSig{CA6F0F33CFE7 by 8FE3CFFA6A07 on 2 @ 2026-05-04T13:57:00.294274718Z}\n        CommitSig{35AE8D2E4720 by 84B3D8922BA2 on 2 @ 2026-05-04T13:57:00.231937263Z}\n        CommitSig{4DE06BB171CC by EBED694E6CE1 on 2 @ 2026-05-04T13:57:00.365780873Z}\n        CommitSig{B77D27E91C25 by 16BA55A7F83B on 2 @ 2026-05-04T13:57:00.300573741Z}\n        CommitSig{1F21FD9176B2 by 42D6705E7166 on 2 @ 2026-05-04T13:57:00.245898604Z}\n        CommitSig{1EEE5C0CFEF5 by B441A6DCF901 on 2 @ 2026-05-04T13:57:00.30950158Z}\n        CommitSig{0B06B942BEAD by 75CF712C0B8B on 2 @ 2026-05-04T13:57:00.235176383Z}\n        CommitSig{9CE4706FB07D by C52ACDB32057 on 2 @ 2026-05-04T13:57:00.21820869Z}\n        CommitSig{9AC706C80C9C by 87A281DAB244 on 2 @ 2026-05-04T13:57:00.273801994Z}\n        CommitSig{38D4A5CD2156 by 5D51DFD43706 on 2 @ 2026-05-04T13:57:00.261230748Z}\n        CommitSig{96CBE60DA5B9 by C12AB171752F on 2 @ 2026-05-04T13:57:00.202601791Z}\n        CommitSig{6DE1E67D4A04 by B543A7DF4878 on 2 @ 2026-05-04T13:57:00.22688681Z}\n        CommitSig{04D793E99C6B by 559681BC50D1 on 2 @ 2026-05-04T13:57:00.276366299Z}\n        CommitSig{79AF9478C4CF by 2D74FE5F939C on 2 @ 2026-05-04T13:57:00.3981498Z}\n        CommitSig{E45A18585B95 by 24016294C4FF on 2 @ 2026-05-04T13:57:00.270943128Z}\n        CommitSig{ED1CA3A4F604 by BAC33F340F34 on 2 @ 2026-05-04T13:57:00.351979546Z}\n        CommitSig{3E041288C07E by 187E3364C6B3 on 2 @ 2026-05-04T13:57:00.229580584Z}\n        CommitSig{4D1938DD7378 by 398910053D8A on 2 @ 2026-05-04T13:57:00.356214901Z}\n        CommitSig{83A1F95C7B72 by 9A5B262C8308 on 2 @ 2026-05-04T13:57:00.292554401Z}\n        CommitSig{22BD874CE18B by 65E7B639FFAD on 2 @ 2026-05-04T13:57:00.234481574Z}\n        CommitSig{EFBDFB36BD5F by 4289F79D6DB3 on 2 @ 2026-05-04T13:57:00.235559762Z}\n        CommitSig{066AA933AA21 by E6ABAEF08489 on 2 @ 2026-05-04T13:57:00.241465021Z}\n        CommitSig{CC3447617BFB by 36AEEA8E7695 on 2 @ 2026-05-04T13:57:00.247190073Z}\n        CommitSig{715481FD835C by 55316C9AB3AE on 2 @ 2026-05-04T13:57:00.226882218Z}\n        CommitSig{072875AC222B by E507FF4DAA45 on 2 @ 2026-05-04T13:57:00.211424711Z}\n        CommitSig{49358FB4A846 by 000AA5ABF590 on 2 @ 2026-05-04T13:57:00.199824816Z}\n        CommitSig{E44E93D9A4B1 by B2D16E5FD0EE on 2 @ 2026-05-04T13:57:00.290083748Z}\n        CommitSig{46F32AD38D6A by 33734B71FDF3 on 2 @ 2026-05-04T13:57:00.180265421Z}\n        CommitSig{06892132122E by FB6D209DDFEC on 2 @ 2026-05-04T13:57:00.274480475Z}\n        CommitSig{E6D5DA8A1C43 by C20E89852803 on 2 @ 2026-05-04T13:57:00.209383732Z}\n        CommitSig{7C2E8AD6F062 by 8004A0E2440C on 2 @ 2026-05-04T13:57:00.225266861Z}\n        CommitSig{4F761408D8EB by A75996D69B08 on 2 @ 2026-05-04T13:56:58.976792603Z}\n        CommitSig{0B940513370D by 89C84ECC281F on 2 @ 2026-05-04T13:57:00.254260771Z}\n        CommitSig{8899AC979E7C by B927FDA7B083 on 2 @ 2026-05-04T13:57:00.213406368Z}\n        CommitSig{84929691F231 by 946F104229D7 on 2 @ 2026-05-04T13:57:00.191018929Z}\n    }#\n  }\n  ValidatorSet{\n    Proposer: Validator{946F104229D7EDAD4BBC45155D2CA0FCDCE44DF7 PubKeyEd25519{67C5B3FB4225C58E28A473D95A28402DCFB95FC150C70F4C6DC36ABAC631A8B7} VP:245 A:-339536295}\n    Validators:\n      Validator{56B2F053AD136642D3FC9098FB2DD01454F396D5 PubKeyEd25519{925ACB357C71717C75BF446F7A58FD6448DAACFF065EF78E4454A51899700103} VP:61517620 A:-67480427}\n      Validator{FB4FB25A61B493A5BF8E3CD4B5E8F5B404DA8E23 PubKeyEd25519{EBCAFC0C0BA450F30264C0F7E808CEB1FEAA453163F95DB9B9A1351001510002} VP:22364225 A:-130704306}\n      Validator{099E2B09583331AFDE35E5FA96673D2CA7DEA316 PubKeyEd25519{7B705E8671089465009C9627F55F20057B8C878B573BCC71971C970F500F1B29} VP:15149263 A:167042327}\n      Validator{638C11545DF20961BDE0373D1602ECECB3BC6CD0 PubKeyEd25519{69C4E38066E37E9F1D0C29ADFFEDF7468247E635C0048360C56660B2A112F81D} VP:14954166 A:-30736763}\n      Validator{7B3A2EFE5B3FCDF819FCF52607314CEFE4754BB6 PubKeyEd25519{D75A46C2DE9BA2DD440B9C5EBA0F26BA514D0415AC1D5F97ED7AF12D4993345F} VP:13668983 A:123637414}\n      Validator{1CED30733D1625C89AB698677606D0E37B3676A9 PubKeyEd25519{761843DC8E506ED0BCEF4225E08CCC2F94360305438929FDFC727DC34F5181D8} VP:12254043 A:157253687}\n      Validator{3B845C9AF1D69E9FBB620B69AB226B28BAC97985 PubKeyEd25519{F0A0FCE51F0432615AB5ACED2F250EE348E9D68DB5F80EA96ECA002FF9B54812} VP:8842623 A:-94139590}\n      Validator{2199EAE894CA391FA82F01C2C614BFEB103D056C PubKeyEd25519{0BE556737E1917A9FF4282005E8E35F753B02B1416A5B167AC6282A9C35B7B51} VP:8637604 A:138401420}\n      Validator{9CF8AE1FD507F97A054250582FFE52922C8D3705 PubKeyEd25519{D7741A5DBCBCE15F947AEDD8F0DA5AB2000B7115F3976F64D80F4AFF71514073} VP:8217059 A:157808853}\n      Validator{6CB47D786B2F350C13A60BB77D398AC82E900985 PubKeyEd25519{DF201804FE897EFFA26A009FD1F468B6B18491413AB6E4FE038004E0B2FCBD39} VP:8087282 A:177075539}\n      Validator{25445D0EB353E9050AB11EC6197D5DCB611986DB PubKeyEd25519{194A9B512FBB3DEA6535FC557270C8CAB5D32C93CD749438310EA4060E5E629C} VP:7297856 A:92115109}\n      Validator{D2D458F9209ECB8CA2AAB1D99E06611B812A8797 PubKeyEd25519{8540D7A2CA6C881EA8255BE44550762326A7087B3986269EAA8116CE9F5B7BCC} VP:6349036 A:62890872}\n      Validator{D9F8A41B782AA6A66ADC81F953923C7DCE7B6001 PubKeyEd25519{9FD6D6F619AFC12C26FC09C9B43C1934603ED914A842C7E8305B1CD91ADBD2F6} VP:6277326 A:-56499058}\n      Validator{31920F9BC3A39B66876CC7D6D5E589E10393BF0E PubKeyEd25519{961FE9F144E9D6417CFB89E839E227506DCFB96A45CE4E8C9E8A63D2EA5DB782} VP:6206456 A:174363621}\n      Validator{15F4811CAD3266058AA182D3EFC8D9DA2A4A57E7 PubKeyEd25519{EC45CAE2DE918BD4017D04BC2B6ACC63D9AF04851F79CAF624BDC53C3A8A8AB7} VP:5621530 A:-95494408}\n      Validator{AC2D56057CD84765E6FBE318979093E8E44AA18F PubKeyEd25519{D24365C413299BEE56B5F1C81B5C6C59AB4E5D328F2ED992AA7DC488420365E2} VP:4957356 A:109416687}\n      Validator{DA6AAAA959C9EF88A3EB37B1F107CB2667EBBAAB PubKeyEd25519{29B8516AC48CC51B52B5E8EA2BF032CDEC66FC3B5ABE57DB363586CE73D73251} VP:4447103 A:-81163152}\n      Validator{019B9CA2944D3CC36C7C73283EF3D58E56C8A5D4 PubKeyEd25519{A53720FD05410BE2F3A51D01BB29C3A4C90D878B5A8F278A08EB6658C7E4BC55} VP:4341667 A:96567942}\n      Validator{1AE0BD432F9A5122474A646325D1AFA6068692E9 PubKeyEd25519{A64EEF2FD6285C9CB903710EC9EB08BD9E6A971736AAC5BDF4A93F573A1B9206} VP:4249920 A:122736888}\n      Validator{51DB2566204EE266427EA8A6CB719835AB170BE9 PubKeyEd25519{A2F75F1FF79D5BCF7EBA20749470B93A709B41F2AD927F06D511D988E3F8B184} VP:3234606 A:144286555}\n      Validator{60AAACB82FAB9D90CB2DF0AA0CCE4555101ED90C PubKeyEd25519{20651D678DFDFEE0A05301A6A8E77940C50AB6923CB5A5109E96DD71325D73F4} VP:3228392 A:-86676658}\n      Validator{F59734A896A7689436BC3422244FD862AE189C5C PubKeyEd25519{41A8E37F5922009D0CD54707D5349460B3F5DE4804D76F00BF55E61903BBD757} VP:3190928 A:148510057}\n      Validator{679B89785973BE94D4FDF8B66F84A929932E91C5 PubKeyEd25519{46887DF5196C9C32875056147105479364BCE0D7997D976973E0816FA3511213} VP:3125758 A:-3038435}\n      Validator{8E0EE37B7B1A038DD145E30F1EF97DF3619EF429 PubKeyEd25519{4A944E88B381BF77D620DBD7BE05C70CC2CC8D533FF71DB85A90B7007FDA4DB6} VP:2917434 A:167849099}\n      Validator{0B42E47F154E24D10184BB12E32347AAC61C6B80 PubKeyEd25519{538B2C5E71500A9655FE1661FABDCBEF5665A1AB0471747FFCB748551F7341BE} VP:2619512 A:-37673693}\n      Validator{5A59DC8746FD727FDDD5CBF5CBB90C6F616CCF9B PubKeyEd25519{08CD2DBB005533650FCDCD5E28EBEFADA41D4A72160B7AE24DA6CA41CDA9BD87} VP:2577485 A:118224034}\n      Validator{CC87F56B58621811E2B5A47F38C6166E295CE36E PubKeyEd25519{05EC2121383FB4051FD322985F81DB90733E0AC2FC27058F68F586E18D2F0A41} VP:2342287 A:-7419612}\n      Validator{83F47D7747B0F633A6BA0DF49B7DCF61F90AA1B0 PubKeyEd25519{5B8E7D29B771F8B250EDD2D50125BAB007DDA96A8D4525E7BDCE77AFD68EC7FA} VP:2131646 A:-121484294}\n      Validator{81965FE8A15FA8078C9202F32E4CFA72F85F2A22 PubKeyEd25519{3DF95281BFA50B5188DB6C1CE8DFF9E1C3730FB292610C82591E4BB90C636156} VP:2125020 A:-12849328}\n      Validator{D269A81C7741F458C31DB7FB14C58176421FB2F8 PubKeyEd25519{1E2271E454EAA43F14CB8B36DB21679B5E91346BB98C2CE32C0E4E103F0D40F8} VP:2109598 A:-66156532}\n      Validator{75DAB316F4CA1367F532AB71A80B7FA65AB69039 PubKeyEd25519{9215A42BCD5B24082C80B2F61ACA1329EBE8B1227EF3656496FA42F203A1EB29} VP:2006669 A:81211090}\n      Validator{8F168F8AA2B85C328DE762FA1345C58153B671A7 PubKeyEd25519{DB8ED7F01156B8B2470712E2F67405B3D07DBC6DEEE8C6A4E1B467F3C512C88D} VP:1997918 A:-70248533}\n      Validator{B9ECE1D7B4DD80E868263EA3AAF272B9C7F1292D PubKeyEd25519{D30435489B9C4710DE015C024331629E49B72B45243A59E47F92E5F8196E0D00} VP:1976455 A:-82206715}\n      Validator{E070FA4F050BAF7EA2761C52A6A5715780681939 PubKeyEd25519{B7D97C1E3C312FC595C1A9F16D94CEBFB60D794229E449CCC20DB1695822F08D} VP:1832396 A:19578596}\n      Validator{B442035488D7901D75D8F9AEFF04F64DF7BE160E PubKeyEd25519{FAF9BA6DF6256AB0103DBB8839369C3DCA519F7D108320C02DABE51655F6238E} VP:1702141 A:46465679}\n      Validator{DF9283DA25B296426E97438614D1C62DC1019D84 PubKeyEd25519{C18822CE6D4CA14E3E40C3D5D253E5112A3F6796330DB7E76B9EB690E50D538B} VP:1652475 A:-118256954}\n      Validator{95E060D07713070FE9822F6C50BD76BCCBF9F17A PubKeyEd25519{6A1810CC83A60A1E7E03D8865C9461F0028D964E0D09C3A23DE6F3644B883770} VP:1604590 A:-91021374}\n      Validator{4EB1282675F724B59026F2173C23F0DC9936F118 PubKeyEd25519{E6A29D07376BF171F0D81591FFCC8471E1515848C6A73B2A068EAAD0E5647FD8} VP:1392545 A:-130459748}\n      Validator{C2356622B495725961B5B201A382DD57CD3305EC PubKeyEd25519{A590737E05FC6895F3F6DA86BF3EF9367241D30005B0CADFC58E854E760C6744} VP:1357984 A:69821930}\n      Validator{3DC4DD610817606AD4A8F9D762A068A81E8741E2 PubKeyEd25519{915DEA44121FBCEB01452F98CA005B457FE8360C5E191B6601EE01B8A8D407A0} VP:1314147 A:53386856}\n      Validator{59AC672068F7AE75ED8F5300FC3261C92B909A0A PubKeyEd25519{195326EB7C64ECB6D19AD75C43C834DA572C115372375893D71C9540A44CDCF9} VP:1201667 A:62113831}\n      Validator{170FEFD6D7F4A69AAE70A24415FC4E2C928DE2E5 PubKeyEd25519{37B0FF7CBFC7829CF5506E49FF02E0A39197BD0335D7F949C8283506302A5236} VP:1121717 A:-115596891}\n      Validator{C5327D64CDF4A04BE1206E65F5B61D44923630E6 PubKeyEd25519{1714A3B12BD63DBC39350733B21D3E4115AA61355AB8525DFCC6AD7A89DB7CEF} VP:1066609 A:175826065}\n      Validator{978B1D128C6B2FAC528C7F96B7D2EDDDF82A1B9E PubKeyEd25519{20FF28BC773C52ABED7C4ECDC472E4E0F85FE112EC8A4C0E8286F20FE7BA8290} VP:1063391 A:-116879472}\n      Validator{41CFCA6F171D22443FAA6EE4A5710A983A95790D PubKeyEd25519{BE541ECFD1895AA61C38B2B6F7170E58923890A2889A4253AD09B9F23F599228} VP:1025789 A:116959746}\n      Validator{0ABBA36C54DD0CA6A790AEF96A01D4392E36345F PubKeyEd25519{B84511D60A5EB14E1B9D258BD9339739FDE8AE0DA60988501CC624882272303E} VP:978901 A:-12641871}\n      Validator{85530E727F953AAF9E2C4563A34493C2EF5A55CC PubKeyEd25519{D0F20923117BCCD29B304D40C5BC1E1FB984E1D098CF4F01BAE89449D1B39DCC} VP:966483 A:20428402}\n      Validator{37C8A99DC15238D453C0FBEE7C2ACBEDFD27C1E4 PubKeyEd25519{67C06CFCD071B2152A506E20248D3F3BAA8C9FF1FF6680F5E91974B5E8DCB58D} VP:940281 A:104833514}\n      Validator{BDB046259EB7FB74A28015E31E64CEE9F0802199 PubKeyEd25519{5807907AC0B704DB559D9C092A27B90C03A30F72A58E0F366F973B8FF4C1FA5D} VP:935779 A:-75965217}\n      Validator{3B49CA97C4969033163A872152870489EDEBF080 PubKeyEd25519{D452BAD433D43FDF2F7A716C14F997E09A8B98331CC36B4198E6367B2A02CB48} VP:933029 A:13258258}\n      Validator{B399CADBBD1F5DFB957ED290D204C5B1C3379E4E PubKeyEd25519{B4C58642F131F71D6ED04F68F6C1ACA8268D966F08983C89B10729521C4DA0A1} VP:917589 A:160507865}\n      Validator{F18693704059BFDD3D107D436A2B23B2B1B4A72C PubKeyEd25519{E1DC43E899A4DECE2292C1E4A843CD0383D971DBFCB3DF4208A71B97EF39E80F} VP:885225 A:-70218259}\n      Validator{F6FD6365ACC5382B6AD6566CD2971904B75F7E24 PubKeyEd25519{0EC6B7EC09E9045E74A911BCD0A583DDE1E56ED1FEE06EA1B0CCC89858532521} VP:838699 A:-56115217}\n      Validator{495BA7E759C0FDDE0C5FF52195089A19A1748B70 PubKeyEd25519{5E9C0E5A12FFC87AB95435186E93FA562E52C3EAD83B0EEE636BD4A8F35CF9F9} VP:814709 A:-115309203}\n      Validator{2F7E323B49CBA0901C972F9E50E08C4C3FCFCC82 PubKeyEd25519{CFB57B6AE71985DBB4344491F2CF6477220A00D5207F2EFE4EC157871382BB78} VP:800490 A:1220094}\n      Validator{BB76BC6322C7533A7CCD3AF1C089C7B3971FB012 PubKeyEd25519{600411FD32CCB833203934BF29C31D53CD32D890337BB0D7FC610BABDBAA7443} VP:794308 A:-130379016}\n      Validator{BB5DD48E6621A2103FBFB2FA9A5DE861E3E5532D PubKeyEd25519{B0EFEF7C6EFA5CCBAD4AC6BF6F76C0F3CD1741311750C80E65DC41AFF199509C} VP:750696 A:84776743}\n      Validator{59C270B760D49A286E2D8706C39FDE641925B5CE PubKeyEd25519{213FFFE13FD42B74917FC7BF7B681B028833AD0EC4B62576329CBEAC6478227D} VP:718733 A:60129429}\n      Validator{AA355DECB1BCB6B6B24ED87B24918CF33FF19149 PubKeyEd25519{BF2CBDBF8AAE8EB2395E1D8A3F6C7923C43BA963707EA02D5B4223B38400DDDE} VP:717402 A:-88097909}\n      Validator{AC50DFF7B28DCA5045595DB2D38AB55EBF3C40A5 PubKeyEd25519{6AE71CF5149426ACB349993E797E95BFC5561ACE3DEBBF5D7C369A28B6386B2F} VP:699521 A:-92118681}\n      Validator{46A3F8B8393BAA153C40E5722EAE82EA0D48B32D PubKeyEd25519{EC801DB2B2F3FAF3F6F03FC9259C1651D29EFBC29650DF13B245F1721FBCA7A8} VP:696628 A:1407448}\n      Validator{592F17BB8CF36AA35867659F8B0E9E76E11BCFBA PubKeyEd25519{21E4D410B42CEF89598FAFA4B4E33850DF9455B01B8B079AB3DB82D6F43F3A79} VP:689901 A:150826636}\n      Validator{C4F6210CB772C0B37FF8520547EC26BEFDB1193B PubKeyEd25519{A13B2A75172F65B09F830A30FE41E18AEAC2E30EDD49E48AF2653225A16F7F27} VP:676446 A:43628328}\n      Validator{D0ACC7204D713CFF9FB449F2D52C0545DC7C13E9 PubKeyEd25519{6C4B2DC3E422A2A26E9B7874D3532F6F2E247CA4C2DE0E0438D7DF1B2D12D205} VP:670232 A:105636372}\n      Validator{C05AA296EAFDAD046F72B10438EC53F51B0DC50A PubKeyEd25519{4782EBB6E02152822A15439833779F41C3749B25B1F4BA95F1FF14698591D1E1} VP:669178 A:108612313}\n      Validator{2DF871BCA6733FE3AD33F69A06F8AAC4C6B5BB00 PubKeyEd25519{9FD322EAAE62538686D02DB88B435EE03A5DDA57A7C3FE2F8ECD66A10B1C88BC} VP:628168 A:-60052604}\n      Validator{7B3D01F754DFF8474ED0E358812FD437E09389DC PubKeyEd25519{578A283C486D23C94D10D3157E415FC94765754386B52A918CD65CC61A6A2900} VP:604605 A:10195675}\n      Validator{D68EEC0D2E8248F1EC64CDB585EDB61ECA432BD8 PubKeyEd25519{2ED88754B09C13EA05208D2FA4897D99F9060E693D0693E0D5E524BCA9CEE31C} VP:580375 A:1738658}\n      Validator{B2BF68AD4CED6FE8F71AACAD01003436EBE0729F PubKeyEd25519{BC648A7DB432280A6F0618A7A4E380D17400763C5C7A2858370B46B247D91B24} VP:547767 A:-2651389}\n      Validator{9AD0AA18A92A1A4374426ED9B8192D1D6C3D2691 PubKeyEd25519{EDE1D2F670115EBE20CAEB835716D00B608356411ADB6C9EDEE1E171B78BBAB7} VP:546636 A:-40295216}\n      Validator{9713818DA540B2AD40CD3A821865F1CA288A1BAA PubKeyEd25519{82FBE4EDF6E8AD6B2AB41E29B1E64BF9059A6FB8899D3D0F658B3ED2815AD810} VP:508435 A:-32204040}\n      Validator{782238ADDDAB20A994DF2A66506A6FD9706CB98F PubKeyEd25519{FCA2EE2AAE5BE8416D24346B51C5EAB33DF1550376E5EF40592102D5059DF0ED} VP:501249 A:-102630936}\n      Validator{52E1646134432BF9532B4881C6ED32E40AE5A2DD PubKeyEd25519{172356A20A0E890151570B498FC2B2C25C89A5416198FCDE912903BEB6D24EF3} VP:497414 A:-48977803}\n      Validator{68F5BBEACEF114C720EA9C98BFA2FFDE01C54FD1 PubKeyEd25519{5E21B3FC3E9E83729D8DA141D2E60827090E4D6E7165C151C49987710601DF38} VP:485918 A:-89465522}\n      Validator{672B3ABDEA631ECA654928ADD4B1596FDB5A16B1 PubKeyEd25519{A6FD7792983C73F4AD207F788E47C8DC81AEC75EDAB3EA6547852931EC7274A6} VP:480696 A:62644493}\n      Validator{108E47FC1B8546F98F7EA52F2547CC44497DB1BF PubKeyEd25519{7F65327F260A219A69522E23A1A2A8B1BA0765BB6C22B56C1C53E4F7F3FA05EE} VP:455115 A:32686085}\n      Validator{B31581E9FF571045531370E2D4895A2D6FEDECFB PubKeyEd25519{B746286A5B3BBAFD9C249BA04C5F1ED5FFF6A40FEF6AC637ECB6C11BBF67DB16} VP:444274 A:35399959}\n      Validator{57713BB7421C7FEB381B863FC87DED5E829AA961 PubKeyEd25519{390F5D3B743A77BE61660FB1006FA28D0B534C96C67B37FC3E52A6B4EB94263A} VP:434455 A:-43199575}\n      Validator{AE456A85A5C6D46FA350C3EC2DCB00D661359E20 PubKeyEd25519{41D34D1652474431ABA09541BDBED6A4F7995127AAB39B9A2D21257DF1116BBC} VP:431227 A:106781531}\n      Validator{00CCEECFD01B2D333A1B56ABF7CFF8A6B8ED25B1 PubKeyEd25519{E091B65D8FDEB70CFD7DEE2B0C201491A231A48F639A0889A8AA99431A77EF9F} VP:430696 A:-96609382}\n      Validator{7B6902E33AF689105A49D8197750C06F96781729 PubKeyEd25519{F5C6F0D4C5A9687B128A4ADCD7BEFD0BA3C1A4D86209EF9F005D0AECDD7EA32C} VP:425903 A:-44148894}\n      Validator{B4E1085F1C9EBB0EA994452CB1B8124BA89BED1A PubKeyEd25519{F8B6D7C0332EDFB8E405104B16D5DACD17C4776CAD4809089DC67F360FBA8D52} VP:403497 A:159549446}\n      Validator{13EE3F05F20C6AD8FD27CBEF33DD61D5F99ECF6F PubKeyEd25519{3F96D55ED411394625B9E9BB521096E1783F4AF1628D19529AAE9D68E34F93B3} VP:393383 A:-34561732}\n      Validator{25A9D452D35F12050ADEE6B31934BB85C2817D76 PubKeyEd25519{E86CC31A676B9897F7E23F68FD03A767BBF6BE1C2D0819A4685546D0F93BCF90} VP:387291 A:74477841}\n      Validator{44CB22521C777168D8459EDA48637EEFE0507885 PubKeyEd25519{F13069461C840E9847C3BD50D96A62600A0343B09DD538993EF321915A137879} VP:369782 A:154230026}\n      Validator{2F2E328BFF18B867E4458310B6330E3A0F081477 PubKeyEd25519{3AD9327212A868D3C89234D6D8433D01AF3415F82C8BA897F8BC72655AF281DE} VP:355044 A:-113401528}\n      Validator{BBE55ED9B2E416E2B37C13BBEE9CD6E7AE314716 PubKeyEd25519{3926B60AAC7EDD1D0A1195478C5317BD2DD9E130D75241F01F7AAC31F3114467} VP:346981 A:-100931166}\n      Validator{D5EDC934314C89B45952620E9C992B1DC9018442 PubKeyEd25519{E513596EEB52A9EB168CA974509ED5B17056CB0795C71716832F4FCC3EAA55EB} VP:336112 A:-127959947}\n      Validator{8F40A46873156271C4AF17C6C0F6494F456EC0E1 PubKeyEd25519{CBDDEBE816FE30C705EA35F5DB259128F53A0C48EE1D0B233CA4F8967F3A15AE} VP:328727 A:75904864}\n      Validator{6EA863B44BA369F739E65595770DAB92C89A9212 PubKeyEd25519{D499C1E7CE801257AC81CF795D7078E4333B8C0859A8AA6A2F16D234E15DD9C5} VP:326433 A:-38595728}\n      Validator{6BD4705021332A90B92397D8D72CA3950CB858EB PubKeyEd25519{03A2D9FDB083163EADE7207BB4E2ACA3D56BDAE11C09B8EAF07D6BB18D76349A} VP:321573 A:63804490}\n      Validator{818964B4FB36D28109C3E853778B33231B27C5FC PubKeyEd25519{F965E005CC4FDE18049BBE612A9D715BFBD148CFDAA4E970866F84EA46E09DA1} VP:318286 A:102022246}\n      Validator{2C2A5E9B9EF903164FA2BD3F140571DDF02A00CC PubKeyEd25519{83669C411DA6F6F26879932A9E897B97E258F9D1A8E048A2CF20753B0C27DC24} VP:305321 A:115818224}\n      Validator{671460930CCDC9B06C5D055E4D550EB8DAF2291E PubKeyEd25519{DA4DF8E96DF0F0D140421DB58F5841A7E32FBABF9984716E11093C0C43A537E7} VP:304919 A:-1334391}\n      Validator{78F1D7A9773FC922739E0A3705A7CA06BEA30883 PubKeyEd25519{F951B82D9FC10C1EFA6D27DE7268B531B071BE393CE6F1259F89954A659A0786} VP:302717 A:-18173184}\n      Validator{21223475CE86F3C7CD5E985AA88FC24A29C97813 PubKeyEd25519{C142130ACBEECAC895A503FD7D4CA7C377EC2115FEA8C0508C5A07C30697792F} VP:301677 A:88714911}\n      Validator{B5B32011EC0714DE2AA550E085A8B20036A10E83 PubKeyEd25519{D0FA10CEF88442B2DDFC78E5A46258566D916F72D76649A1BAE679FE96CBD7A4} VP:298005 A:-107715887}\n      Validator{9CF389DCC22F0070A641E76F483566B23B834B49 PubKeyEd25519{D2DC4599B97858728818E15F48B34B11CEA41D9229C79F1535186153E7CDA27F} VP:290680 A:-98860580}\n      Validator{734D445D854593CEFB8EF0C443E9238F07E777AA PubKeyEd25519{B35D63F0BEDDC67496251F29880F27717F0D421353EF30DF062A61BE22F19569} VP:289852 A:-122985648}\n      Validator{12C2AA0DE66FA3F9D664D03D5D6F6D8216B6DA81 PubKeyEd25519{FF729639D9CF842707BD0C9D877CF80E0F1C50387378A0AE808BFE14D43D012C} VP:270220 A:-121697695}\n      Validator{E31533B82AC67AA1788B70BD7E985BEF8E1252A1 PubKeyEd25519{093A8F24021D333F05DFAD137000C08A2F7FB44788E02BD32B825F043E83C172} VP:261715 A:138932100}\n      Validator{D14A542E8756C3A942D9FD8873DC2E9A7798A17F PubKeyEd25519{66F77E20B7C6F6AD633E765F38E61D64EB8D2D384B74244F92F455F87AD7902B} VP:253971 A:75466791}\n      Validator{CC05882978FC5FDD6A7721687E14C0299AE004B8 PubKeyEd25519{7D48F6AC9F265AA49DA3C157E3B7615A78BEFBFA3139276E081832983E060A25} VP:248852 A:37206302}\n      Validator{B236B2A23AD716A9D8D856A0CBA762F323515C5F PubKeyEd25519{C948FF54E4511C6D5D17F4FC998479E7CC80369DBAE4C5614707294E5F085AF0} VP:227391 A:85710882}\n      Validator{46759662382FCB47C7A7BF025583A415A05143E8 PubKeyEd25519{1424DC954326C9E5B4FD98B7BE13B96FDF8EF472950A9B387DA1C38F95F1E0BA} VP:222935 A:-77895078}\n      Validator{88A65045F5EE502560826DA07F739BA9EBA8470C PubKeyEd25519{C1286BBC8B900BE1AC51800CDC6663FDD3280EA2AD1972A5E97436C900A4039B} VP:219185 A:92331724}\n      Validator{407F144D1C9DEA4EE6A8CBC2D4C022A657506B83 PubKeyEd25519{70E813C9FED6D246CFCEC5802F54FF1BE54789C882573485881686278ECC601C} VP:208123 A:120067712}\n      Validator{51205659A717DFFB96E054F8BD1108730E17AEA7 PubKeyEd25519{5C95C1F595415D9346F6E50E7EF1E6AC3981E0BF0D895D0834E1DD5DB1B43D60} VP:192358 A:39345314}\n      Validator{477367218C9F92C3AD99B5D734A346CF7E8A3287 PubKeyEd25519{D4093940B927C250D17716E454B20C8B4114ABD0A32C7B912EED991ED037BFBA} VP:191658 A:104775523}\n      Validator{6A51554E8C0CF3165A01C675A98A2C38B6EB512C PubKeyEd25519{331C22313C4138C80925C35C9F689E3E8CCB96F0B7AC407F94826255BBB46AD0} VP:191030 A:-2558332}\n      Validator{6E2234F881817A7DB997D59400518591F692A14C PubKeyEd25519{11BA56FAFB35D725655ED3049C906D1FE0A084FC9471555BCDB4D34A6842E0CF} VP:186273 A:69188867}\n      Validator{08065D40B9D4AD5126ACF0BAC8033094835720FD PubKeyEd25519{42B94BC4020F8C127D4A4CB61559CB35E93F2E1FE59CC5ADFA56A36DFE604EFC} VP:181542 A:-135605770}\n      Validator{6A4D14A7AC9B4F7C7F28DC9046E5029D1BF09F41 PubKeyEd25519{070498878221132D24C10CAA5B4363DF9002B80B2EC1D5BD9571E41623C923D4} VP:176457 A:107010089}\n      Validator{58D29D3BCCEDEEE4B78F560584D7592CFF0947C9 PubKeyEd25519{C87B1F5ED808AFC0EB6FAFA97046B5E354127659248BA03236B2E6C82C0EF020} VP:175698 A:62907098}\n      Validator{DE851B826935C57C6193664CDF6D9E79A428654B PubKeyEd25519{A9096AA0E687A7934B49128D37CD553F803E5F70DE5D7DC2640A73339D005C14} VP:174736 A:-30667271}\n      Validator{9C15C2E717D3DD96AF0924D234405AE98B12BE7F PubKeyEd25519{E5137029441663AEAC1CBA435931F83AE744EEDA9EF0759B23D9C6373887475B} VP:173876 A:107685030}\n      Validator{91C823A744DE50F91C17A46B624EDF8F7150A7DD PubKeyEd25519{FD54BF6E0B9E5C1A0D0ECAF3C71697EB84482FFFF6C076FD559D0977AEFE02A4} VP:171255 A:97623924}\n      Validator{B2336DC86A74A6F8552D7F686AC0983EF4E0B0CE PubKeyEd25519{79F39A8B98F3724F82E3A66DF2BB94703D70D84EF09C39CBF6ED804EC38320F8} VP:167995 A:-52317759}\n      Validator{A7D9E6DB8CA5E46A61AC36235D4C8185F7BF11A4 PubKeyEd25519{524B79301F13190B6149BCCC5948B0035F80C303A8C571A4D0800797AAB36550} VP:163332 A:-118372929}\n      Validator{0939CD5EE88F6E4101175096450BB25D2DFAACE8 PubKeyEd25519{B3667B518B8D9778D2BCCDB4AA545C655E33F1F0C281F445579A7100FA0C197F} VP:162818 A:138845689}\n      Validator{04B42DA59A4347D938536518E2238208CAA5E4B3 PubKeyEd25519{9C5248AFA673D8D375401CE3FE2FF3C0431D46F561E16F1597A3E2F97F12CFC1} VP:160755 A:-39890004}\n      Validator{1AEA8AD7C2BB352C01CDFD6BE21CE8E3B6FCE593 PubKeyEd25519{0DD6630F18265B307A72A9353A346388A27B740194B75F317A1E10A2B87DDF4B} VP:158640 A:-111787786}\n      Validator{6C4EC11EB897B964A706FD02AA83977BB3FE0952 PubKeyEd25519{827D39021FAB9C53A580C2F0609466BC7C8C273B300CDA1039EA63CD3847E2F7} VP:156688 A:167344054}\n      Validator{009037C2C75632F3BF9E39A11C0E81EACB262D9E PubKeyEd25519{A3EA8F149EBACDA82CA6D3961AC4A9AFBBE235DC3A6A71857B6320F2A3B7CA1B} VP:156397 A:-133205713}\n      Validator{1639E3486FD75E5447FFD26232A80F1ACE76CD8A PubKeyEd25519{235A42621B1141AB23BC5345BFE447E764FF1EFFEC6CA1F9DD104EA785A9FF5E} VP:156003 A:99836919}\n      Validator{696ABC95186FD65A07050C28AB00C9358A315030 PubKeyEd25519{1A084918397F259499D3B07601176FBC9F123CAB688BF761F0F6D84AE8B7E7D2} VP:154410 A:67626961}\n      Validator{C2DDD9700CF5DEC0457DC423829B31EA8FD4F9D4 PubKeyEd25519{11E2DDCD75469CF76A041A6B18EDC1B1F42CC8D306B318E8CB334E14164B3590} VP:143710 A:38289405}\n      Validator{48FD560D3CB0B552924CBC0F9C2BA68883FA1135 PubKeyEd25519{C1731522854CA43F2F3D2FD4D7EE829BE8E9A0C4A8C86A6B418C8C9D5B4D6967} VP:136746 A:-24164580}\n      Validator{3A66B4B5C4329A14D451955D403BB763DACD87CA PubKeyEd25519{69703825119B20A00C811BDAC37A4FFB828B66CA876C9CFAC9A771DA0BFDD940} VP:134117 A:-44736034}\n      Validator{39EAD95102132963B257E366FC98521E74DFC690 PubKeyEd25519{C13A717CAD6A4437AF264356476D30F86437F8E57D84048624324324D1869119} VP:119926 A:-37666736}\n      Validator{B0765A2F6FCC11D8AC46275FAC06DD35F54217C1 PubKeyEd25519{8A74E9C2DAB681CD20F3A33E4A8BDD93BC02C5EEBC406D0AC6BD973BD4BFABED} VP:119818 A:25656639}\n      Validator{2B9A55D3BF93D7375DD207B75C5ED4D2B91D9146 PubKeyEd25519{83F2BF58293A91F83A922CA610E6C30F7D6FE903D1ADAF096041493DDD123AAD} VP:115569 A:100482494}\n      Validator{F2339A116583BF9E237A94F208A3892F99EE8FBF PubKeyEd25519{7E1A747A5AB2FD8D9A170047A23EDC690F770BF3B63B3751AEEDBC4CEB5BB259} VP:106481 A:148455346}\n      Validator{ABF56B06881572FD0E8CF3DDFC29D8790CF86DE0 PubKeyEd25519{90EC36E0CF30035574211A452F0300B7657D9971706FB5C36D99ABC44AD20470} VP:103098 A:-143186622}\n      Validator{808D6B054A0B6D3FF5F5EAF0A65CFC64C543F833 PubKeyEd25519{E3CE9F2F98C9EC73AD1975DD91E8B64B2D4E8A389D3E28B0E1BFCE8670B3370E} VP:101940 A:4775350}\n      Validator{7420B73F10289ACA18ACCD1CB5AB54882C04D2D5 PubKeyEd25519{9EECC9F7B70E53D5BA7A842D9C39E824D1BB927653534752720FF75EEC2CD1C4} VP:89059 A:-61202362}\n      Validator{B4CC03F2ACA22C43DE1ED385A104BA86B7462792 PubKeyEd25519{B20627CEB3FDF0960742B12227160730B447C9441C074E47713B4EFD78DB91F7} VP:81758 A:9241228}\n      Validator{9DF8E338C85E879BC84B0AAA28A08B431BD5B548 PubKeyEd25519{4E3CC9851F847B37B941669E1E55838BC2A6981FDDF7F1B58FDC4E48AD1A3959} VP:76125 A:-78041747}\n      Validator{846BE4F39E3122D2A2D3FE5454E2561073E95538 PubKeyEd25519{5BD2131B89E72FD62417389110CA737358C138B7E676236685B064BA662608EF} VP:76108 A:147433255}\n      Validator{3363E8F97B02ECC00289E72173D827543047ACDA PubKeyEd25519{98F9EEF75D2138E6B5B4043BA5B38B143C6F9656D0526ADBB468EA42B620D673} VP:62851 A:-110729044}\n      Validator{B0155252D73B7EEB74D2A8CC814397E66970A839 PubKeyEd25519{C37ACA13EB50A0B2BC1BE5CF9A39FE36CCC2934EE2434B166816CDE614197016} VP:62376 A:-25370535}\n      Validator{F2AC99C1CC0947F42AE2938BFC2EAD5EF5963027 PubKeyEd25519{F0CCAB8F48211984BFD1B460BA0ADE0FDF84A4BF881A01C7E6160318531F0163} VP:57175 A:-138944230}\n      Validator{000001E443FD237E4B616E2FA69DF4EE3D49A94F PubKeyEd25519{F6D2BD213F853DD7F6AA6FB9736A9AC62D74B163FEDDEAD64CA81FB67D8F6903} VP:52425 A:-32632193}\n      Validator{AFE27475A1AF01E4B17C709DCF99F369B35D9292 PubKeyEd25519{69B891F2F7F1836358243DD18ECEAAD1842EBC22192834486B3A20369878773C} VP:48785 A:-28581453}\n      Validator{A0B51E103A890E58DEA409772BBF0B1108BE20F1 PubKeyEd25519{6C7161FE23B2B38B344833860AEBE17B6EF3108C0492FD8142C34ACF78AE6B50} VP:48050 A:52748477}\n      Validator{8FE3CFFA6A07B093E441BB84DA1B6DABF53AFA2D PubKeyEd25519{C1E1F481B0161A7A38427679D9B1F9DD6F54371475AF1CAF59F2CE22C44AAF1F} VP:45684 A:122772657}\n      Validator{84B3D8922BA2F24A39477EC14957991BE1AE7765 PubKeyEd25519{2DDCD2A2351258B929D6F7E81070013A68AA57FEDB686EFBBEA9DA4C9A70BC93} VP:40204 A:-69375360}\n      Validator{EBED694E6CE1224FB1E8A2DD8EE63A38568B1E2B PubKeyEd25519{CFF0E0F5653FAE5201F8B69054C3075BF6BBAEF6A57C8732CF755D3B07EF82E7} VP:39826 A:4249929}\n      Validator{16BA55A7F83BC8E165690FED6D10957B1A51F792 PubKeyEd25519{1789FB0B4EE870EED2D144FCCBEB296BC16F600E0A866BD3E97FFDFBB217AECE} VP:37332 A:-97621835}\n      Validator{42D6705E716616B4A5442BDAA050B7C6E9FDDE43 PubKeyEd25519{2BB3C531E2E9D2DC30CF744302F956A33D0DEAF4EC0A0E8A78AC7CC70526E47C} VP:36363 A:-125581686}\n      Validator{B441A6DCF90192E939A65617EEEAD383FD922C5F PubKeyEd25519{DFDE490B1D3CF226911EE99F23324268E8530819FD7938BD97EC6629FA7F67DF} VP:34806 A:-81901732}\n      Validator{75CF712C0B8BBBE179FB3C1E647797110C56DC88 PubKeyEd25519{8C9F0535A037392B8A554289193A45539A3733ECCCC671E58CF667ADDE9440A7} VP:34370 A:89278667}\n      Validator{C52ACDB32057F5C731BBDD48460B93C3500DD324 PubKeyEd25519{96025C8A2D16D906A70E55E96FFF60649009DD7F65FADA80AE160098D509D65C} VP:28410 A:-68803002}\n      Validator{87A281DAB244C963A994E8A9CBA40062267DB005 PubKeyEd25519{028D4C5FFA8A4B717F4AA77333A9E5573C24285986573551BE0EE30AA7AE861F} VP:24975 A:-72045221}\n      Validator{5D51DFD43706010023C4506ED64C56B3396AC2A3 PubKeyEd25519{861E8A033F3289E97C28F53F2E2F6CFB48D9D4116B201F55B7B554827AB143F5} VP:24086 A:80449556}\n      Validator{C12AB171752F3CC4FA3E20E560058D1B55D745F2 PubKeyEd25519{152CCF27F867888AD43925B1BF0BE08D09418056795334E0DA162942F76D1970} VP:22500 A:149691283}\n      Validator{B543A7DF48780AEFEF593A003CD060B593C4E6B5 PubKeyEd25519{2A33EE0069094166F4226A8AB92DC30056ADECBBC8566896844191BABD6DC1C9} VP:17790 A:-44368292}\n      Validator{559681BC50D15F328CE244BC027B636B16BA94E1 PubKeyEd25519{DB47518D502B42D4F7A4A63BCB48D479DEC00C0F1CF3B1888C34F34E51D2C5FB} VP:15556 A:-3041272}\n      Validator{2D74FE5F939C61DB05F8EA577DD43293B7E404E8 PubKeyEd25519{A4B918543A7B42936D9223E0E2484444DD4548742F805D899C331A30C5BC68E4} VP:11845 A:111419361}\n      Validator{24016294C4FFAB82130C3CA3FE8729C162753DAC PubKeyEd25519{DCCD48507060D670779D42712E519C44FB0F9200BA69C1C7C8DE14730E4848C5} VP:11722 A:95210632}\n      Validator{BAC33F340F3497751F124868F049EC2E8930AC2F PubKeyEd25519{F4A03B7CA9402CF74A3DBED23385069699DB494E14F54D40E1CDEEF15D8A753B} VP:11239 A:9257260}\n      Validator{187E3364C6B361F4449351E6FCE7CDEC97B4226D PubKeyEd25519{DC2531CE186098BB086EB26315FB46929AAD62D348A1ADF6824B345FA598B12E} VP:11198 A:-125917250}\n      Validator{398910053D8A64FBF65B2A63C905C8C0DBE41DB9 PubKeyEd25519{E7D0B071AEA4276E66B55F2D6367110BB2C0C8244399823664D75201B5E8F06A} VP:8454 A:24054139}\n      Validator{9A5B262C83085191BAA1B453EC16E47D735472ED PubKeyEd25519{91262CC03CF93D6BC022EA6C1BCB3FAD5F1B8B52A1CEBC3C0F26EB729174C17A} VP:8056 A:65590632}\n      Validator{65E7B639FFAD580F828160FC6C58CA7EF4F55B30 PubKeyEd25519{83281F815307CBF83B91B15D58B6010E254009B3D9B00D4F3430F15B4666A0B0} VP:5174 A:-101767764}\n      Validator{4289F79D6DB33096BADC366981B663BA3CB3F85B PubKeyEd25519{0C8239103000F0381D4DC33425FC9C6F4D83205F454CBBCE709B2BBB16CB7667} VP:5102 A:-84807540}\n      Validator{E6ABAEF084896D15BE3E4D4B97A72F866C5581E6 PubKeyEd25519{F918F836EC0E9480E0987675AC57A61827900DF5C7A0918757D8B4E23ECD58BA} VP:4375 A:-111518568}\n      Validator{36AEEA8E76957A82FA5668AB01FCC2B0FCED0664 PubKeyEd25519{9172F156846D1C23BA95FD15205F852A0EF3AA57A46F013476AA5227FB6FF13E} VP:4051 A:-141333392}\n      Validator{55316C9AB3AE9FC6C4547BA5FC1441FF3D565BBF PubKeyEd25519{BD6B8E85C639CB9E4442BBAD7A700E65F312C8924A18516756C2E945AFAA7FF2} VP:2758 A:-144342659}\n      Validator{E507FF4DAA45245352EBBCD14F3822184EDB7666 PubKeyEd25519{4D0F43C7EF4D72958BF2408EAF8CF1694CD8C4A81DFD17B8837161DB8CB89614} VP:2308 A:123398661}\n      Validator{000AA5ABF590A815EBCBDAE070AFF50BE571EB8B PubKeyEd25519{C963D821F49FE728BF325073119C76C8C84E27F75A5D1C7C120DCD3ACA3C57B7} VP:2228 A:32194391}\n      Validator{B2D16E5FD0EE6B75F54CD3A5AEDD8AE5E22A7E6D PubKeyEd25519{2729949F63ACA61C32D09C11F9EA6C0DAA07C9FCCD8FC0BDA4949FE3493CBADA} VP:2155 A:-85461865}\n      Validator{33734B71FDF3C13CCCF08A70B99028AA24A7E827 PubKeyEd25519{9F21B94BBD7D461B903BDFDFD191EB960C9286FAC1443FCA31C583570750EA49} VP:2051 A:-325807243}\n      Validator{FB6D209DDFEC949533ECD5360A8F05F0DB58159E PubKeyEd25519{62D8F3249ACFC0EFD19FF43436CC95EAFA0A3DFCEA6E9AF405DEE2800A4AA86E} VP:1858 A:50465278}\n      Validator{C20E89852803F0C74D00C72B67C92CB98BCCEF06 PubKeyEd25519{BBAA15B33772C7458C5236D081898A6735536D8C3D7E1B2599209666251AF08E} VP:1315 A:30633348}\n      Validator{8004A0E2440CA60ABB0865098954C75EA66587E2 PubKeyEd25519{73901BF860DA2C38E7C0D4050B5305FC5C609C2768986854AC1224B65593F161} VP:970 A:-14163089}\n      Validator{A75996D69B081699610ABEBCD52D184BE110B92E PubKeyEd25519{3CC1DA5436F1EE804E485F29D1E060318E66BD92D9D441EBA1E6E1CBD192C68B} VP:597 A:-104959613}\n      Validator{89C84ECC281F5EA06E79F30570F1FC293CE0DFB3 PubKeyEd25519{24DC42D5433DAB625F034427870AC26193529DAB297B85330E9EC2ED1DA15044} VP:568 A:-261350401}\n      Validator{B927FDA7B083D43523B803A70E767A31B8B1A6E2 PubKeyEd25519{3B5E89AA1D0624EF917999CFF1BAF16F77F197DF3C265B3D921F6F2CF8C7EAAB} VP:503 A:-315686231}\n      Validator{946F104229D7EDAD4BBC45155D2CA0FCDCE44DF7 PubKeyEd25519{67C5B3FB4225C58E28A473D95A28402DCFB95FC150C70F4C6DC36ABAC631A8B7} VP:245 A:-339536295}\n  }\n}"
[bootstrap] I[2026-05-04|16:22:56.400] Header has already been verified             module=light height=30960001 hash=7B69B608FD7073AF6CE6CC047E9A3F7B743A93A22F68EC8D153F34FD1008795D
[bootstrap] I[2026-05-04|16:22:56.401] Header has already been verified             module=light height=30960000 hash=DD8273ABD5271CA9F602366B69E308794A9F28FEAD83063B0CF3B9AB2AC1F143
[bootstrap] [bootstrap] cometbft bootstrap done in 6s
[bootstrap] [bootstrap] application.db: -skip-app-copy set; expecting it at /root/rapid-bootstrap-test/data/application.db
[bootstrap] [bootstrap] extensions  /root/rapid-bootstrap-test/data/extensions -> /root/rapid-bootstrap-test/data/wasm-payloads
[bootstrap] [bootstrap] placed 494 wasm bytecode files in /root/rapid-bootstrap-test/wasm/state/wasm
[bootstrap] [bootstrap] placed 4 wasm bytecode files in /root/rapid-bootstrap-test/data/08-light-client/state/wasm
[bootstrap] [bootstrap] wrote /root/rapid-bootstrap-test/config/{app,config,client}.toml
[bootstrap] 
[bootstrap] [bootstrap] done. layout:
[bootstrap]   /root/rapid-bootstrap-test/config/genesis.json
[bootstrap]   /root/rapid-bootstrap-test/data/application.db/   (from /root/rapid-bootstrap-test/data/application.db)
[bootstrap]   /root/rapid-bootstrap-test/data/state.db/         (fresh, height=30960000)
[bootstrap]   /root/rapid-bootstrap-test/data/blockstore.db/    (seen commit at 30960000, offline-sync height set)
[bootstrap]   /root/rapid-bootstrap-test/data/wasm-payloads/    (parking — install under data/wasm/ when you wire up gaiad)
[16:22:59 +12m17s] >>> PHASE: cometbft bootstrap-state complete elapsed=10s
[16:22:59 +12m17s] >>> PHASE: gaiad init
[16:23:00 +12m18s] loaded 25 peers from /root/peers-cumulative.json (limit 25)
[16:23:00 +12m18s] >>> PHASE: gaiad start
[16:23:00 +12m18s] gaiad pid=8840 log=/root/rapid-bootstrap-test/rapid-bootstrap-gaiad.log
[16:23:00 +12m18s] >>> PHASE: waiting for catchup
[16:23:15 +12m33s] rpc: height 30960063 catching=true
[16:23:30 +12m48s] rpc: height 30960063 → 30960152 (Δ89 in 15s = 5.9 blk/s) catching=true
[16:23:45 +13m03s] rpc: height 30960152 → 30960241 (Δ89 in 15s = 5.9 blk/s) catching=true
[16:24:00 +13m18s] rpc: height 30960241 → 30960328 (Δ87 in 15s = 5.8 blk/s) catching=true
[16:24:15 +13m33s] rpc: height 30960328 → 30960416 (Δ88 in 15s = 5.9 blk/s) catching=true
[16:24:30 +13m48s] rpc: height 30960416 → 30960502 (Δ86 in 15s = 5.7 blk/s) catching=true
[16:24:45 +14m03s] rpc: height 30960502 → 30960584 (Δ82 in 15s = 5.5 blk/s) catching=true
[16:25:00 +14m18s] rpc: height 30960584 → 30960663 (Δ79 in 15s = 5.3 blk/s) catching=true
[16:25:15 +14m33s] rpc: height 30960663 → 30960744 (Δ81 in 15s = 5.4 blk/s) catching=true
[16:25:30 +14m48s] rpc: height 30960744 → 30960818 (Δ74 in 15s = 4.9 blk/s) catching=true
[16:25:45 +15m03s] rpc: height 30960818 → 30960891 (Δ73 in 15s = 4.9 blk/s) catching=true
[16:26:00 +15m18s] rpc: height 30960891 → 30960980 (Δ89 in 15s = 5.9 blk/s) catching=true
[16:26:15 +15m33s] rpc: height 30960980 → 30961079 (Δ99 in 15s = 6.6 blk/s) catching=true
[16:26:30 +15m48s] rpc: height 30961079 → 30961185 (Δ106 in 15s = 7.1 blk/s) catching=true
[16:30:58 +20m17s] (signal received — shutting down)
[16:30:58 +20m17s] >>> PHASE: CAUGHT UP
[16:30:58 +20m17s] stopping gaiad pid=8840
[16:30:58 +20m17s] done. total wall=20m17s
